frame,DetObj#,x,y,z,v,snr,noise
0,23,-0.07754,1.21459,1.19539,0.01173,15.31594,1.74447
0,23,-0.22706,1.23289,1.18305,0.05138,11.6988,2.7277
0,23,-0.20681,0.92985,1.20654,-0.08349,16.53015,3.13287
0,23,-0.18839,1.29938,1.34204,0.07473,9.44213,1.75243
0,23,-0.28285,1.24039,1.22787,0.00209,10.19428,2.62142
0,23,-0.12384,1.08542,1.16295,-0.02209,14.5388,1.69393
0,23,0.03284,1.13436,1.34573,0.06413,12.27394,2.84545
0,23,-0.17656,1.24454,1.165,-0.09961,11.04314,1.90874
0,23,-0.0298,1.30648,1.33058,0.0423,20.70472,2.49358
0,23,0.14838,1.19436,1.38475,-0.01379,8.58292,2.39632
0,23,-0.10549,1.14279,1.32126,0.04179,14.1557,2.54726
0,23,-0.12826,1.35884,1.07702,-0.01702,9.12613,3.06919
0,23,-0.07264,1.1314,1.18503,0.09236,11.39839,1.87971
0,23,-0.12788,1.29772,1.00942,-0.03603,12.83791,2.55051
0,23,-0.19705,1.22526,1.20859,0.07486,11.21008,2.65719
0,23,-0.05351,1.01093,0.9585,0.02107,15.43106,2.34982
0,23,-0.18813,1.14901,1.05286,-0.02722,9.6949,1.36009
0,23,-0.20343,1.09338,1.21821,0.03087,13.3367,2.17327
0,23,-0.21,1.22976,1.06568,-0.12218,12.1006,2.81535
0,23,-0.08417,1.02209,1.12132,-0.02009,7.65056,3.05252
0,23,-0.31547,1.21874,1.12905,-0.0985,14.59874,2.38805
0,23,-0.22728,0.98507,1.35452,-0.05758,10.01315,2.07671
0,23,-0.3124,1.12032,1.20739,-0.02388,13.49643,2.85169
1,28,-0.19059,1.33172,1.32358,-0.14051,16.6279,1.32083
1,28,-0.24124,0.85971,1.13731,0.13255,8.9147,1.63376
1,28,-0.20572,1.19316,1.42396,0.10188,16.6405,4.2579
1,28,-0.13586,1.21795,1.18124,-0.01038,14.80636,2.76238
1,28,-0.22333,1.04428,1.05077,-0.02583,11.89444,2.92932
1,28,-0.14063,0.95514,1.34185,-0.04309,7.29169,4.24314
1,28,-0.12446,1.17622,0.9559,-0.00914,14.17843,2.09202
1,28,-0.03943,1.17945,1.25268,0.04819,11.11632,2.75658
1,28,-0.32184,1.15602,1.42376,0.03847,8.42299,2.04311
1,28,-0.13312,1.25552,1.29702,-0.14284,13.2336,1.79735
1,28,-0.07352,1.18863,1.35428,-0.24692,13.80722,3.1236
1,28,-0.23048,1.12374,0.9905,0.06217,14.11361,1.72008
1,28,-0.15434,1.17816,1.04759,0.00214,12.60304,3.48801
1,28,0.09509,1.20171,1.20851,0.05642,14.69537,2.68496
1,28,-0.2493,1.1587,1.20671,0.05399,14.25683,1.53148
1,28,-0.13659,1.07894,1.1471,-0.05977,10.20608,2.6278
1,28,0.02433,1.09991,1.02517,-0.05617,14.34722,2.10218
1,28,-0.27585,0.92941,1.37778,-0.14356,11.52199,3.00555
1,28,0.06395,1.10679,1.15161,-0.0482,6.18977,2.62056
1,28,-0.22932,1.10299,1.50657,-0.10964,13.7156,2.69003
1,28,-0.37715,1.48494,1.45058,0.02535,14.69531,2.40036
1,28,-0.162,1.10828,1.22285,-0.04148,8.8629,2.94011
1,28,-0.14819,1.31374,1.27372,-0.11049,12.88998,1.9831
1,28,-0.17438,1.31529,1.24509,0.04893,16.87123,2.82448
1,28,-0.18932,1.06559,1.18646,-0.00958,13.58432,2.21904
1,28,-0.15491,1.09622,1.28231,-0.06051,11.23893,1.86411
1,28,-0.10917,1.21797,0.89976,-0.08039,14.96795,3.28634
1,28,-0.05191,1.25151,1.22771,-0.10632,11.00575,2.11955
2,34,-0.03435,1.28052,1.4025,0.04096,10.63418,1.95956
2,34,-0.14924,1.24237,1.26183,-0.10661,18.60363,3.08243
2,34,-0.24755,1.01889,1.29705,-0.09991,9.94448,3.22464
2,34,-0.26163,1.17214,1.36222,0.0283,12.53278,2.87917
2,34,-0.23462,1.34148,1.35833,-0.03075,13.98793,1.67965
2,34,-0.12279,1.23585,1.37946,-0.0004,10.23289,2.75219
2,34,-0.09738,1.10383,1.4144,-0.04815,14.21196,1.94344
2,34,-0.15182,1.159,1.19261,0.01778,11.77676,3.17695
2,34,-0.3445,1.06389,1.18185,-0.11202,10.76072,2.82457
2,34,-0.10567,1.26942,1.12777,0.0458,16.71395,2.43463
2,34,0.04711,1.17355,1.39413,0.05577,9.68401,3.05704
2,34,-0.03328,1.01051,1.39618,0.09888,14.04798,2.78044
2,34,0.06483,1.15225,1.26193,-0.08615,12.57935,3.4066
2,34,-0.15815,1.18496,1.28251,-0.08693,15.72189,3.07091
2,34,-0.07188,1.17403,1.24337,-0.00184,14.30166,2.57024
2,34,-0.07195,1.2317,1.29587,-0.10018,14.46831,3.055
2,34,-0.05975,1.02486,1.25801,-0.09774,13.45375,2.38532
2,34,-0.02257,1.10743,1.30141,-0.03086,13.96063,2.24704
2,34,-0.14258,1.28721,1.16046,0.04142,11.18792,2.61788
2,34,-0.0212,1.33797,1.23325,-0.00685,11.48048,2.26266
2,34,-0.20065,0.99495,1.0925,-0.04156,13.23902,3.37278
2,34,0.032,1.21237,1.30603,0.11676,14.7589,1.70755
2,34,0.03283,1.27575,1.43063,-0.07433,10.45968,2.01609
2,34,-0.16934,1.1885,1.43847,0.12312,11.54946,1.82216
2,34,-0.11008,1.24297,1.3164,0.04133,11.61019,2.3859
2,34,-0.31009,1.37669,1.27873,0.10579,6.36539,2.36477
2,34,-0.01322,1.0663,1.11039,0.06555,11.56736,2.6615
2,34,-0.47049,1.11147,1.11349,0.04527,16.8008,3.03378
2,34,-0.25357,1.1904,1.07458,0.14146,16.90628,3.1472
2,34,-0.28903,1.16101,0.98314,0.13027,14.65469,2.04224
2,34,0.05398,1.14756,1.09914,0.07217,13.35935,2.9181
2,34,-0.20101,1.2156,1.362,0.04128,12.29426,1.22194
2,34,-0.09409,1.2105,1.20265,0.08262,8.8503,1.99122
2,34,0.05104,0.9502,1.20086,-0.06323,11.72076,1.92786
3,27,-0.1393,1.35291,1.1644,-0.02774,12.31417,2.71798
3,27,-0.19993,1.38155,1.29571,-0.06157,11.95693,2.46724
3,27,-0.22817,1.17607,1.08864,0.04417,8.99301,2.18952
3,27,-0.26746,1.14924,1.21303,-0.0465,11.38269,2.86599
3,27,-0.26938,0.95607,1.19961,-0.0705,17.59224,3.67264
3,27,-0.04433,1.19439,1.46669,-0.01037,8.65382,2.30305
3,27,0.28699,1.01931,1.29282,-0.08478,13.52116,2.75481
3,27,-0.15914,1.09714,1.43522,0.06732,11.76785,2.27096
3,27,-0.22076,1.30849,1.1043,-0.02323,16.46427,1.56116
3,27,-0.20986,1.13117,1.29313,0.01271,16.44023,2.08991
3,27,0.05136,1.24707,1.51376,0.11549,13.88504,2.83879
3,27,-0.26914,1.13133,1.13819,0.09534,12.86619,2.60083
3,27,-0.12784,1.04805,1.01246,0.10445,13.16199,2.98992
3,27,-0.033,1.14673,1.10974,0.05651,10.37411,1.98982
3,27,-0.10628,1.15071,1.04496,0.13422,19.3135,3.49089
3,27,-0.13479,1.3501,1.31391,-0.17602,16.98223,2.61605
3,27,-0.11947,1.19087,1.55595,-0.11755,9.05199,2.58998
3,27,-0.18252,1.25056,1.24753,-0.10143,15.5149,2.69275
3,27,-0.06483,1.20293,1.17561,-0.01745,13.78662,3.19412
3,27,-0.12699,1.22378,1.19864,0.02827,12.62523,2.21249
3,27,-0.01174,1.0594,1.22724,-0.02474,11.6676,2.28349
3,27,-0.08146,1.19885,1.56182,0.01876,15.80536,2.47227
3,27,-0.1258,1.00694,1.21302,-0.04579,14.1747,1.9291
3,27,-0.25741,1.13404,1.36894,0.01192,15.64212,2.92782
3,27,-0.17305,1.23722,1.25075,0.00627,10.85233,2.01335
3,27,-0.16273,1.22147,1.21385,-0.07171,12.90155,1.93174
3,27,-0.07651,1.20297,1.28259,0.0435,15.87374,3.65682
4,25,-0.40025,1.00383,1.23059,-0.06516,15.90785,3.35523
4,25,-0.23679,1.07402,1.28277,0.05927,14.24123,2.05555
4,25,-0.20456,1.23294,1.04797,-0.08242,10.28553,2.29118
4,25,0.00463,1.1002,0.857,-0.00612,7.20926,2.27123
4,25,0.12698,1.30766,1.35389,0.02737,14.88969,2.61419
4,25,-0.46441,1.18798,1.51821,0.01793,8.99293,2.77698
4,25,-0.02898,1.05794,1.26327,0.12756,18.65851,2.50091
4,25,-0.17669,1.35923,1.14956,0.01529,15.82669,2.66249
4,25,-0.11645,1.1386,1.21381,-0.11371,14.50876,1.49087
4,25,-0.22216,1.21243,0.9426,-0.04548,10.28964,3.06934
4,25,-0.26555,1.30282,1.36891,-0.0731,9.94677,3.25077
4,25,-0.21932,1.04379,1.06546,-0.02423,13.02539,3.02165
4,25,-0.23136,1.15265,1.01854,-0.04115,11.35194,3.72232
4,25,0.06344,1.14273,1.05813,-0.04099,13.73422,2.87059
4,25,0.02237,1.10685,1.27451,0.05847,8.04718,3.29581
4,25,-0.2694,1.12891,1.25475,-0.09102,11.41065,3.17588
4,25,-0.03983,1.13044,1.131,0.03349,15.36363,2.07837
4,25,-0.31245,1.21847,1.28963,0.00303,18.31359,2.60178
4,25,-0.00391,1.21088,1.13961,0.12477,12.71423,2.12162
4,25,-0.16028,1.14633,1.23032,-0.09278,14.82756,0.97559
4,25,-0.16406,1.15003,1.28748,-0.0428,7.28295,3.11778
4,25,-0.1909,1.17321,1.36592,-0.04686,11.33462,3.6665
4,25,0.02373,1.15273,0.96142,0.02877,12.05187,1.84704
4,25,-0.19206,1.19883,1.38555,0.04169,12.56156,3.2487
4,25,-0.1434,1.04796,1.20315,0.10254,12.64616,3.93839
5,14,-0.09385,1.23781,0.95381,0.09122,13.67957,2.19159
5,14,-0.011,1.2009,1.0925,0.03313,20.13018,3.1605
5,14,-0.2673,1.15417,1.21214,0.04859,15.46634,2.7958
5,14,0.18229,1.27004,1.14773,0.0918,12.02883,1.86114
5,14,-0.12274,1.13503,1.3257,-0.17463,15.69792,2.71115
5,14,-0.08514,1.05794,0.98102,0.08039,15.37981,1.60397
5,14,-0.19275,1.33424,1.06183,0.01424,12.7801,3.05929
5,14,-0.01889,1.18852,1.07605,0.06648,11.37967,1.5359
5,14,-0.03218,1.37013,1.42893,-0.15886,13.66289,1.35111
5,14,0.03096,1.14615,1.3036,-0.13918,13.87666,3.57452
5,14,-0.08379,1.17578,1.15634,-0.115,17.13106,2.42444
5,14,-0.15333,1.04826,1.32601,0.13366,17.44354,2.92064
5,14,0.10775,1.34058,1.12097,0.1988,16.08415,2.60321
5,14,0.10877,1.05586,0.97563,-0.02282,13.06995,3.24181
6,20,-0.1425,1.22092,1.39283,-0.09258,9.92197,2.18071
6,20,-0.1848,1.26824,1.21245,-0.09855,15.48892,3.47495
6,20,-0.12509,1.1286,1.11297,-0.05835,9.6265,2.44064
6,20,0.03942,1.1275,1.36838,0.01527,10.97861,1.54261
6,20,-0.0434,1.1244,0.97658,0.03053,8.85678,1.61846
6,20,-0.03582,1.24139,1.02616,-0.03016,15.80362,2.57106
6,20,-0.22297,1.01101,1.1112,-0.07316,9.12897,2.47173
6,20,-0.01664,1.30722,1.24938,-0.05655,14.26095,4.28393
6,20,-0.21291,1.22813,1.09962,-0.05531,11.54958,2.55122
6,20,-0.42146,1.27196,1.18973,0.13363,15.3013,3.09537
6,20,-0.08567,1.25374,1.06482,0.08311,11.12262,1.76183
6,20,-0.0499,0.92763,1.22907,-0.1237,9.24114,2.58672
6,20,-0.22344,1.31274,1.21928,-0.06143,7.06027,1.72361
6,20,-0.1073,1.04574,1.29363,0.01371,12.65839,2.77018
6,20,-0.24054,1.11657,1.1581,-0.02557,8.65133,2.26462
6,20,-0.08752,1.20192,1.25547,-0.1547,13.33707,2.43619
6,20,0.10989,1.03718,1.40359,0.14059,7.17559,3.08411
6,20,-0.04721,1.03693,1.06104,-0.02213,13.04173,2.23501
6,20,-0.3032,1.28095,1.2713,0.05208,11.54736,2.51299
6,20,-0.10289,1.0932,1.14498,0.02742,6.48113,2.19203
7,29,-0.19285,1.16673,1.08265,0.06163,16.92311,2.94788
7,29,-0.05103,1.09771,1.10698,0.02523,12.60282,2.40261
7,29,-0.18522,1.1647,1.24116,-0.05337,6.96941,0.94176
7,29,-0.00193,1.37041,1.21442,0.08131,10.45818,2.80521
7,29,-0.24892,1.15068,1.19094,0.1389,8.69463,2.69131
7,29,-0.17931,1.10478,1.28593,0.04826,16.73737,2.40985
7,29,0.03055,1.23852,1.01766,0.15758,9.35457,4.11142
7,29,-0.21359,1.28527,1.16904,0.06698,18.8253,3.36069
7,29,-0.01605,1.08684,1.27635,-0.07676,15.01783,1.88128
7,29,-0.05564,1.10129,0.89663,0.08517,11.78548,1.58805
7,29,-0.23079,1.3787,1.40696,-0.02957,6.24152,2.54568
7,29,-0.08786,1.09673,1.21688,-0.04627,13.3356,2.79778
7,29,-0.26401,1.31553,1.33259,0.09493,11.03904,2.76004
7,29,-0.07522,1.31806,1.27943,0.07697,12.4726,2.68638
7,29,-0.02892,1.17311,1.15851,0.03315,14.69858,2.57322
7,29,0.05319,1.03357,1.38998,0.05364,13.4365,2.28517
7,29,-0.18285,1.21668,1.05155,-0.02277,7.75944,1.65017
7,29,-0.18785,1.14758,1.17157,-0.08837,14.09566,1.7441
7,29,-0.29014,0.98665,1.40417,0.10564,12.28506,2.5214
7,29,-0.10221,1.21245,0.88985,-0.11746,9.77293,3.07451
7,29,-0.03576,1.08118,1.33253,0.05689,10.46023,2.2046
7,29,-0.25438,1.30463,1.13295,-0.12752,9.87978,2.10784
7,29,-0.08841,1.14947,1.10794,-0.0684,12.93434,2.49821
7,29,0.02597,1.17291,1.25701,-0.10751,7.48072,2.56017
7,29,-0.16775,1.04527,1.24025,-0.12158,11.90344,2.52054
7,29,-0.33371,1.21185,1.37036,0.00567,9.90053,3.10224
7,29,-0.09088,1.17677,0.83006,0.00791,14.65492,1.31711
7,29,-0.29731,1.01492,1.02205,0.05153,13.67352,1.72143
7,29,-0.25578,1.32196,1.24772,-0.08399,10.96258,3.10507
8,23,-0.18596,1.22873,0.99705,0.04937,16.41852,2.06839
8,23,-0.22835,1.23652,1.02481,0.01691,18.02133,4.16012
8,23,-0.0592,1.00753,1.04817,0.12212,9.94287,2.68602
8,23,-0.31485,1.05379,0.92581,0.01571,9.15018,2.06332
8,23,-0.30674,1.15955,1.26731,-0.00311,15.50989,3.05984
8,23,-0.24663,1.06195,1.00046,0.01558,11.70909,3.25218
8,23,0.05648,1.33997,1.18376,-0.03631,11.29427,2.43359
8,23,-0.2126,1.15975,1.24965,0.01195,11.57611,2.24795
8,23,-0.04875,1.07441,1.20307,0.13865,17.59544,3.09455
8,23,0.0539,1.09659,1.02454,-0.09112,12.90324,3.4966
8,23,0.0323,1.05794,1.38965,-0.05027,11.17645,2.48867
8,23,-0.05179,1.34694,1.00905,-0.00352,7.33388,2.14013
8,23,-0.09236,1.00866,1.01372,-0.1837,17.56129,2.84759
8,23,-0.17948,1.22463,1.24324,-0.0931,10.17907,3.31128
8,23,-0.26791,1.17865,1.24078,-0.02514,13.84408,2.36137
8,23,-0.38125,1.26905,1.11075,-0.07902,12.86046,2.86667
8,23,-0.27038,1.09634,1.1869,-0.08964,16.30962,2.60726
8,23,-0.11182,1.17025,1.35963,-0.17037,11.33004,3.03467
8,23,-0.09304,1.19808,1.5762,0.1053,18.41959,2.56866
8,23,-0.16226,1.05112,1.29877,0.04615,13.0562,2.24286
8,23,-0.18225,1.31303,1.25967,-0.04904,9.96968,2.68782
8,23,-0.03099,1.24187,1.36813,0.0369,12.01727,2.78968
8,23,-0.33808,1.11281,1.24149,0.10468,11.67366,1.15165
9,12,-0.3286,1.11976,0.98082,-0.0157,8.62537,2.16114
9,12,-0.24643,1.06345,1.34378,0.04452,11.52407,2.96036
9,12,-0.30581,1.03125,1.45834,0.02115,12.65504,1.89531
9,12,-0.0968,1.02715,1.00065,0.1384,14.83876,1.67188
9,12,-0.17808,1.04109,1.18013,-0.18904,11.53559,1.49024
9,12,-0.11695,1.12713,1.10857,-0.06632,11.4245,2.95834
9,12,-0.04129,1.09235,1.16627,0.02033,13.11374,2.48261
9,12,-0.29011,1.07585,1.30266,-0.18235,14.28258,2.15501
9,12,-0.05638,1.27161,1.27863,0.03985,13.60457,2.62203
9,12,-0.09369,1.39948,1.13796,-0.07918,12.65382,2.67149
9,12,0.06042,1.30451,1.18398,-0.10203,11.76895,2.52277
9,12,-0.36876,1.04992,1.23904,-0.10435,7.91934,1.61193
10,28,-0.18739,0.85991,1.16432,-0.02807,13.39243,2.22618
10,28,-0.05336,1.1146,1.23896,-0.06292,16.04874,2.80418
10,28,-0.14411,1.07454,1.10885,0.07014,11.90323,1.98471
10,28,-0.11915,1.08034,1.32688,-0.0755,16.74398,2.31171
10,28,-0.29371,1.0809,1.32336,0.02621,17.08166,2.71215
10,28,-0.1059,1.13274,1.26239,0.03763,17.46917,1.38035
10,28,-0.0042,1.09933,1.10675,0.0924,9.53252,3.13976
10,28,-0.21055,1.20384,1.16711,-0.00553,14.27468,3.21744
10,28,0.04792,1.16938,0.95226,0.01589,12.91482,1.43346
10,28,-0.24503,1.23939,1.04183,-0.10249,11.21102,2.54434
10,28,-0.09832,1.21077,1.32455,0.14125,17.47575,1.5102
10,28,-0.04532,1.07507,1.12245,-0.0262,10.34405,3.03997
10,28,-0.0314,1.20677,1.18161,0.01033,11.62866,2.1786
10,28,-0.07244,1.28983,1.15288,-0.09319,12.42103,2.01512
10,28,0.06247,1.12786,1.15202,0.04066,11.63334,2.90032
10,28,-0.03872,1.20537,0.93246,0.02952,14.26728,1.49296
10,28,-0.18472,1.23524,0.97085,-0.06709,10.77127,1.83368
10,28,-0.25979,1.08153,1.29516,-0.05077,11.98377,2.89385
10,28,-0.34906,1.16378,1.25753,0.04293,12.32711,3.79897
10,28,-0.09859,1.12893,1.18404,-0.04935,3.42562,3.57743
10,28,-0.03891,1.14232,1.1429,0.03922,18.33991,3.14801
10,28,-0.22246,1.28099,1.16969,-0.1237,15.79265,2.7355
10,28,-0.11519,1.10224,1.04936,0.04661,8.97188,1.57538
10,28,-0.12093,1.38609,1.14404,0.12874,13.34244,2.41175
10,28,-0.29503,1.21353,1.01522,0.0078,11.94019,1.7316
10,28,-0.07941,1.16647,1.30274,0.13484,16.54475,2.90131
10,28,-0.06627,1.03053,1.21891,-0.0608,14.47411,3.38076
10,28,0.06322,1.13917,1.10221,0.01689,8.6733,2.06933
11,16,-0.07449,1.04737,1.25788,0.1036,14.95049,2.92037
11,16,-0.12524,1.11283,1.07432,-0.02655,11.88816,2.17485
11,16,-0.18963,1.1074,1.04083,-0.03141,16.18733,2.59358
11,16,0.26554,1.09804,1.05145,0.00757,16.67423,2.05468
11,16,-0.29247,1.17586,1.26305,-0.08428,10.75316,2.67844
11,16,-0.29417,1.11918,1.27656,-0.13713,11.35699,2.31455
11,16,-0.18297,1.16664,1.29559,-0.00467,14.29504,2.46662
11,16,0.03598,1.1228,1.35569,0.02403,14.64857,3.29419
11,16,0.00259,0.93309,0.96652,0.09146,10.14163,1.70309
11,16,-0.11744,1.09308,0.76076,-0.0012,13.34496,2.53215
11,16,0.08809,1.15159,0.85683,-0.03763,15.18096,3.11529
11,16,-0.13871,1.38451,1.05067,-0.06834,11.73463,2.69977
11,16,-0.0745,1.11043,0.993,-0.04524,13.25375,2.37881
11,16,-0.16037,1.24496,1.16004,-0.16224,11.87381,2.18466
11,16,-0.19551,0.95826,1.25296,0.07612,7.60646,1.79195
11,16,-0.15438,1.20817,1.37967,-0.07486,14.49644,2.71491
12,18,-0.47431,1.21759,1.10923,0.19276,15.10683,1.57399
12,18,-0.2348,1.05141,1.43084,0.04326,15.61358,3.34652
12,18,-0.02906,1.30486,1.18635,0.05344,13.65247,2.29968
12,18,-0.19999,1.04044,1.02968,0.00362,13.23976,1.85177
12,18,-0.14657,1.2219,1.06399,0.05854,16.43101,3.30276
12,18,-0.26741,1.17861,1.32829,0.02152,17.02101,2.53612
12,18,-0.28933,1.22125,1.34162,-0.02673,16.68759,2.21676
12,18,-0.14965,1.33072,1.33556,0.07178,8.36488,1.9437
12,18,-0.19591,1.15024,1.32168,-0.05139,10.26463,1.06893
12,18,-0.0116,1.23389,1.19581,0.06581,10.18575,2.53819
12,18,0.05324,1.15123,1.09963,0.01413,9.82542,2.88595
12,18,-0.19348,1.20258,1.25996,-0.09935,12.65766,2.90541
12,18,-0.14934,1.1192,1.06807,-0.15899,15.23777,3.19535
12,18,-0.26559,1.17699,1.18931,0.08388,15.06468,3.45177
12,18,0.08241,1.11913,1.29294,0.00255,11.01793,3.65348
12,18,-0.00691,1.11652,1.174,-0.04129,17.48938,1.77813
12,18,0.00317,1.1888,1.05608,0.14942,13.19969,1.6184
12,18,-0.15931,1.12846,1.11423,-0.04781,12.73676,2.69362
13,19,-0.34373,1.16117,1.27208,-0.00963,8.8726,2.48396
13,19,-0.29609,1.24921,1.19263,0.11588,15.48184,2.47972
13,19,-0.22984,1.34457,1.20196,0.01997,16.13284,2.37856
13,19,-0.22761,1.22035,1.02802,-0.01321,14.4806,2.14175
13,19,-0.12394,1.20829,1.07934,0.10339,14.85978,2.79362
13,19,-0.21665,1.28875,1.44162,-0.04632,9.82434,2.91159
13,19,0.01778,1.08576,1.29606,-0.07161,10.90425,2.63939
13,19,-0.17249,1.25303,1.21836,-0.02529,19.67504,2.28261
13,19,-0.26211,1.08323,1.26154,-0.04953,13.83219,2.26823
13,19,-0.0552,1.07515,1.15287,0.03985,15.83147,2.45741
13,19,-0.14182,1.15424,1.36609,-0.03568,17.97333,2.50221
13,19,-0.32181,1.18903,1.0447,0.04432,7.76324,2.80552
13,19,-0.23911,1.30977,1.21774,0.03219,9.48486,3.65089
13,19,-0.21853,1.13843,1.0637,-0.13381,16.0066,3.43957
13,19,-0.24403,1.26864,1.12381,-0.01062,6.88389,1.92106
13,19,-0.33927,1.26019,1.04618,0.04607,13.85855,2.34147
13,19,-0.25893,1.0612,1.43611,0.02394,15.03863,2.05019
13,19,-0.23761,1.2163,1.40217,-0.06402,9.95529,2.42994
13,19,0.08934,1.2503,1.30577,0.14002,12.34883,2.48142
14,24,-0.0557,1.1609,1.53818,-0.01695,10.19881,3.07635
14,24,-0.2236,1.12734,1.01275,0.08732,17.37816,1.80509
14,24,-0.10667,1.2352,1.17997,-0.02522,18.85227,2.50832
14,24,0.00186,1.19429,0.97328,0.02762,9.17398,1.91678
14,24,-0.11737,1.17101,1.11842,-0.09408,14.26779,2.04979
14,24,-0.05923,1.07036,1.21978,0.02094,15.13357,2.33776
14,24,-0.32194,1.41633,1.51348,0.28732,15.62484,2.02391
14,24,-0.35841,1.0629,1.19023,-0.0585,12.81028,1.83331
14,24,-0.17756,0.98035,1.14771,-0.17455,11.11898,2.90691
14,24,-0.11607,1.09204,1.10147,-0.04043,13.53611,1.98929
14,24,-0.27969,1.00038,1.25509,-0.05806,4.4139,3.0267
14,24,-0.19073,1.04323,1.18093,-0.09835,11.96647,3.07686
14,24,-0.10019,1.18129,0.96222,0.04183,15.33489,3.00235
14,24,-0.04362,1.06803,1.06535,-0.01729,14.90744,2.561
14,24,-0.23769,1.28638,1.10973,-0.07445,9.51595,2.79879
14,24,0.15055,1.11239,1.1042,-0.11758,13.07702,1.97604
14,24,-0.19088,1.05095,0.98316,0.02671,16.37646,2.59848
14,24,-0.16079,1.25187,1.10387,-0.04786,12.69825,2.52596
14,24,0.03432,1.10363,1.24518,0.00614,14.18654,1.81725
14,24,-0.29463,1.14897,1.40332,-0.05119,8.52705,2.38342
14,24,-0.13308,1.08727,1.20424,0.0798,10.1768,3.08139
14,24,-0.00527,1.1046,1.18606,0.03503,13.54965,2.519
14,24,-0.13979,1.18501,1.27236,0.00625,15.10054,2.14096
14,24,-0.07053,0.9459,1.06371,-0.15697,18.04963,2.72054
15,14,-0.1391,1.19034,1.20965,-0.09143,12.86628,1.39231
15,14,-0.10404,1.17733,1.23154,0.09752,13.75524,2.57723
15,14,-0.27384,1.10603,1.32028,0.0027,14.42099,1.45036
15,14,0.0356,0.94602,1.01821,-0.06709,9.26572,2.24645
15,14,-0.05254,1.10781,0.94939,-0.18419,13.72258,3.04302
15,14,-0.12922,1.32493,1.02592,0.00541,14.67395,3.08002
15,14,-0.07287,1.10225,1.26713,0.01368,18.15611,2.68292
15,14,-0.30849,1.22127,0.99524,0.08064,16.20478,2.34375
15,14,-0.22141,1.31907,1.09183,0.04118,7.53796,3.13647
15,14,0.21189,1.24055,1.12092,0.04775,12.58532,3.32683
15,14,0.00191,1.1002,1.33182,0.00191,14.77918,2.2706
15,14,-0.35832,1.01463,1.25216,-0.0749,12.18395,1.9214
15,14,0.02552,1.07818,1.04821,-0.08339,14.52185,2.47522
15,14,-0.07014,1.28496,1.26647,-0.04447,16.86371,1.91144
16,26,-0.08198,1.22008,1.28719,0.0173,14.24179,2.35699
16,26,0.07797,1.09563,1.38652,-0.12517,15.52699,2.59152
16,26,-0.09683,1.10162,1.2853,0.02548,10.10132,2.05742
16,26,-0.05319,1.11633,1.2331,-0.11808,14.01517,2.3917
16,26,-0.07436,1.14714,1.04885,0.00422,12.77609,2.09216
16,26,-0.19464,1.07047,0.8755,0.01698,16.35695,2.71312
16,26,-0.16631,1.17811,1.1428,0.0103,11.17145,2.05602
16,26,-0.11467,1.06422,1.14784,-0.15204,17.69834,2.59731
16,26,-0.14397,1.2164,1.25363,-0.1517,10.96903,2.3443
16,26,-0.15111,1.14026,1.01788,-0.02646,16.9517,2.9421
16,26,-0.35309,1.27776,1.46228,0.02789,14.64361,1.95667
16,26,-0.15754,1.26105,0.98969,-0.0545,6.65289,2.5671
16,26,-0.05427,1.15177,1.18248,0.04755,14.52946,2.17241
16,26,-0.02598,1.06699,1.11727,-0.10803,13.3923,2.73903
16,26,-0.14346,1.10849,0.99873,0.05936,14.00697,2.56531
16,26,-0.19532,1.17049,1.40826,-0.08755,11.82939,3.22632
16,26,-0.08841,1.07726,1.24578,0.16078,12.92769,2.39059
16,26,-0.25455,1.15845,1.05114,0.1265,13.98818,2.91851
16,26,-0.14007,1.04947,1.35359,0.00806,13.81131,1.89323
16,26,-0.31463,1.07866,1.05243,0.04378,18.20929,2.28443
16,26,-0.0084,0.892,0.85179,0.00321,10.30824,2.31292
16,26,-0.39986,1.21848,1.02812,-0.08068,13.17032,3.14925
16,26,-0.31012,1.27598,1.12048,0.04498,9.33451,3.42568
16,26,-0.15989,1.26932,1.12266,0.00205,12.06276,2.84727
16,26,-0.20611,0.94507,1.20802,0.10179,12.31349,2.8868
16,26,-0.0891,1.39977,1.15683,0.07546,11.74837,2.63657
17,23,-0.33391,1.23874,1.11383,-0.04646,16.78463,2.50107
17,23,-0.15933,1.09459,1.19818,0.0027,12.40178,2.56613
17,23,-0.03463,1.21952,1.14144,0.02059,12.10315,1.09786
17,23,-0.219,1.28912,0.97604,-0.04576,11.71008,2.3753
17,23,-0.51388,1.09338,1.19812,-0.05547,10.25134,2.41239
17,23,-0.19366,1.29371,1.14917,-0.03609,13.66478,2.47675
17,23,-0.10371,1.32175,1.0718,-0.07753,9.13307,2.38815
17,23,0.09898,1.34784,1.20869,0.03093,12.15395,1.89572
17,23,-0.04066,0.99758,0.8557,-0.07706,11.75561,2.56864
17,23,0.12396,1.22,1.19849,-0.05864,8.1351,2.70918
17,23,0.18349,1.13229,1.08204,-0.11819,10.03667,4.35577
17,23,-0.11791,1.15856,0.82906,0.03757,8.55748,2.36534
17,23,-0.10877,1.23249,1.22946,0.04433,13.46991,2.62332
17,23,0.021,1.13964,1.24596,0.06826,17.51247,2.83427
17,23,0.02554,1.18245,1.15039,-0.03142,12.31737,2.78465
17,23,-0.14614,1.19971,1.04467,0.06547,13.64738,2.4652
17,23,-0.03114,1.16974,0.91567,0.03736,10.76555,3.39945
17,23,-0.33494,1.14787,1.16047,0.06675,9.59663,2.10238
17,23,-0.24094,1.13877,1.10108,-0.01453,13.08367,2.31894
17,23,0.04496,1.11645,1.24527,-0.05962,11.43802,2.89129
17,23,-0.19916,1.20932,1.24818,-0.06278,6.05672,2.49182
17,23,-0.13804,1.11044,1.15113,0.11456,15.77226,2.19178
17,23,-0.31475,1.31901,1.11296,0.03862,19.31922,3.28138
18,32,0.03834,1.13654,0.85951,0.02142,13.35189,3.04998
18,32,-0.22998,1.20041,1.04644,0.16409,14.42822,2.74579
18,32,0.17524,1.17463,1.16133,-0.02949,13.13838,2.68265
18,32,0.07406,1.27172,0.89271,0.07118,8.2643,2.22542
18,32,-0.31508,1.08727,1.32179,-0.08323,12.87367,3.518
18,32,-0.1415,1.10293,1.3823,-0.00442,10.75841,3.14854
18,32,-0.2407,1.22831,1.0658,0.09609,13.46227,2.53309
18,32,-0.25775,0.87862,0.88688,0.05871,12.66915,1.69067
18,32,-0.18623,1.18388,1.13454,0.11752,10.9527,3.21372
18,32,-0.0731,1.17457,1.10829,-0.08346,11.77753,1.71103
18,32,-0.03567,1.26184,1.24045,-0.10481,17.91312,2.54291
18,32,-0.12526,1.26352,1.20307,0.04068,13.02432,2.08402
18,32,-0.26713,1.05626,1.11951,0.14312,11.95418,1.81163
18,32,-0.35438,1.20406,1.01513,-0.06695,8.30682,1.52015
18,32,-0.05466,1.09265,1.28259,0.10566,7.53728,2.32642
18,32,-0.11608,1.33168,0.99178,-0.00687,13.71988,3.22431
18,32,-0.06916,1.06309,1.18203,0.03673,14.93025,3.03144
18,32,-0.00113,1.22513,1.22141,0.16918,11.42692,2.1938
18,32,-0.16895,1.11781,1.11064,0.06661,13.19043,3.32711
18,32,-0.01051,1.21754,1.07968,0.12762,15.63697,2.75292
18,32,-0.13493,1.32377,1.06163,-0.02101,13.27669,2.39501
18,32,-0.2226,1.32493,1.16646,-0.05087,9.33441,2.26442
18,32,-0.13459,1.22078,1.01909,-0.03794,13.25014,1.47756
18,32,-0.08397,1.07436,1.14625,0.1271,12.45197,2.84193
18,32,-0.10533,1.23606,0.95262,0.11967,19.88934,2.74313
18,32,-0.22933,1.00424,0.99864,-0.08831,14.30869,2.73794
18,32,-0.08273,1.18626,0.9425,0.20564,10.88277,2.18516
18,32,-0.05277,1.25471,1.08616,-0.0714,14.79122,2.5092
18,32,-0.24339,1.14383,1.12114,0.19838,10.38305,2.96327
18,32,-0.28453,1.17364,0.94758,0.0143,14.24736,2.58442
18,32,-0.2421,1.01418,1.12453,0.10733,13.74487,1.86266
18,32,-0.12103,1.47651,1.08383,-0.16362,12.75761,2.63545
19,15,-0.00975,1.28225,1.07851,-0.05178,9.01589,2.69058
19,15,-0.23157,0.98042,1.10371,-0.04376,11.64543,2.05744
19,15,-0.08998,1.24875,1.21548,-0.21585,13.73475,2.62141
19,15,-0.19611,1.31108,0.90282,0.03017,10.79565,2.38697
19,15,-0.13902,1.13508,1.0804,-0.14757,11.7139,2.6172
19,15,-0.21498,1.24977,1.2232,-0.05031,13.20135,2.33861
19,15,-0.15252,1.19265,1.10205,-0.19537,15.66082,2.10385
19,15,-0.32927,0.96745,0.87476,-0.10158,8.74298,2.51214
19,15,-0.48755,1.1892,1.16077,-0.03886,16.26896,1.78127
19,15,-0.24252,1.15472,1.20923,0.10892,20.39685,2.62417
19,15,-0.12278,1.39856,1.20436,0.07513,13.76234,2.91014
19,15,-0.13939,1.14248,0.92477,-0.05653,11.24439,2.57567
19,15,0.00731,1.10841,0.92006,0.0837,14.85883,2.60221
19,15,-0.04787,1.21798,1.16131,-0.04954,8.64085,2.60093
19,15,-0.32465,1.09839,1.33458,0.03973,13.85619,2.01049
20,19,-0.01869,1.14273,1.19852,0.01311,13.56352,2.79542
20,19,-0.17918,1.27498,1.12797,-0.00835,8.20814,3.62828
20,19,-0.1061,1.23546,1.20596,0.05467,9.05409,2.91534
20,19,-0.00908,1.30388,0.94817,0.009,14.93985,3.80531
20,19,-0.10756,1.27798,0.97937,-0.07529,14.27068,1.83325
20,19,-0.048,1.15312,1.02429,-0.23146,16.4585,1.76121
20,19,-0.23736,1.02987,1.00757,0.02219,10.25661,1.59367
20,19,-0.15867,1.29599,1.11938,0.25711,19.0385,3.00666
20,19,-0.15267,1.18551,0.91976,0.02816,7.16389,2.16561
20,19,-0.03767,1.14123,1.40311,0.05906,15.28043,3.05066
20,19,-0.24411,1.16702,1.32353,-0.0516,17.04673,2.35405
20,19,-0.0597,1.18697,1.02596,0.03335,12.11826,2.70136
20,19,-0.00633,1.20771,0.94539,0.09166,10.76189,1.8899
20,19,-0.16676,1.10856,1.20824,-0.05556,13.49781,3.26432
20,19,0.27009,1.36905,1.33745,-0.04108,12.89048,2.07147
20,19,0.11639,1.18903,1.26093,0.04929,11.99858,3.46056
20,19,-0.04867,1.18299,1.09152,0.01357,14.5179,2.27437
20,19,-0.18666,1.27163,0.92654,0.02221,18.51901,2.39006
20,19,-0.11704,0.90626,1.07882,-0.04411,12.62114,2.62696
21,13,-0.07252,1.14055,1.0277,0.00776,11.8969,2.00823
21,13,-0.0192,1.14619,1.03166,0.08929,13.75311,3.45211
21,13,-0.19767,1.33526,1.10526,0.14706,12.49089,1.55256
21,13,-0.18166,1.37843,1.18888,-0.10223,17.18957,2.40926
21,13,-0.17338,1.0627,1.23714,-0.00629,12.6897,3.69501
21,13,-0.22869,1.44426,0.91292,0.10993,12.2534,2.40841
21,13,-0.08498,1.18552,1.25507,-0.06697,17.57776,2.74083
21,13,-0.22619,1.20826,0.87669,-0.06865,16.16412,2.23887
21,13,-0.14107,1.24687,0.99618,-0.06734,15.72056,3.18522
21,13,-0.01946,1.14465,1.45912,-0.01438,12.31252,3.66255
21,13,-0.0729,1.05981,1.2019,0.02806,12.81627,2.60242
21,13,-0.17422,1.30736,1.22779,-0.03115,13.66153,2.16424
21,13,0.03701,0.98207,1.16123,-0.01048,15.58606,3.64727
22,13,0.09315,1.23751,1.14141,-0.02459,10.50104,1.93127
22,13,-0.09147,1.20017,1.09799,-0.11326,14.37762,3.24955
22,13,0.03018,0.98,1.13431,0.01287,15.89645,3.67189
22,13,-0.34628,1.18075,1.15488,0.00161,14.81725,2.19228
22,13,-0.18537,1.25114,1.10073,-0.05329,10.58485,2.59019
22,13,-0.17797,1.01479,1.27074,0.00125,14.30267,2.87703
22,13,-0.15205,1.17254,0.93078,-0.15854,12.88087,2.89725
22,13,-0.25875,1.24805,1.09175,-0.08295,14.90146,3.24209
22,13,-0.02087,1.22107,0.93098,-0.12824,6.50014,1.95226
22,13,-0.2155,1.02051,1.11969,-0.00061,17.20922,2.46158
22,13,-0.08531,1.08587,1.05061,0.06381,7.63776,2.38639
22,13,-0.17284,1.29831,0.92453,0.1211,14.74012,1.59426
22,13,-0.13409,1.17706,1.10666,-0.0859,9.12341,2.50771
23,26,-0.1479,1.28085,0.98997,0.13061,10.48746,2.93808
23,26,-0.03271,0.99834,1.13744,0.20376,10.53555,1.76614
23,26,-0.15595,1.05856,0.83397,0.02634,12.85165,2.93099
23,26,0.0151,1.23121,1.01498,-0.07988,11.84918,1.47717
23,26,-0.09016,1.12904,1.18099,-0.08651,12.86936,3.00181
23,26,-0.03246,1.06015,1.22426,-0.00297,12.93299,2.85356
23,26,0.02098,1.13469,0.88207,-0.08122,15.17169,2.0817
23,26,-0.40799,1.14268,1.1955,0.12283,11.65875,2.9535
23,26,-0.02964,1.18613,1.24994,0.04372,14.13206,1.85461
23,26,-0.01692,1.21444,0.98786,0.09316,18.50223,2.18736
23,26,0.06057,1.32057,1.17479,-0.04989,10.9232,1.44416
23,26,-0.41637,1.12345,1.0961,0.21873,15.81019,2.13481
23,26,0.00155,1.33662,1.13343,-0.08146,14.07028,2.70079
23,26,-0.2875,1.06458,1.28487,0.05293,16.34418,2.54029
23,26,-0.05624,1.14253,0.92373,0.01764,13.47997,2.55229
23,26,0.04641,1.00738,0.99723,0.0126,14.73845,2.52642
23,26,-0.29102,1.29054,1.0197,0.08425,15.43569,2.2193
23,26,-0.11641,1.3409,1.03097,-0.05124,8.07874,2.72154
23,26,-0.03701,1.07831,0.88898,0.02278,9.51988,2.55157
23,26,0.11823,1.1367,0.9999,-0.02553,15.29452,2.25874
23,26,-0.19014,1.31567,1.14721,0.06457,8.40698,3.5619
23,26,-0.18451,1.18139,1.19299,0.03332,13.13627,1.64291
23,26,-0.15781,1.24483,0.95377,0.06024,15.71392,2.35653
23,26,-0.12975,1.26104,1.03918,0.13439,12.13021,2.39899
23,26,-0.28744,1.25157,1.2152,0.17805,11.81618,2.49264
23,26,0.07381,1.10231,0.90847,0.11413,13.9398,2.31081
24,26,0.03174,1.0691,1.06189,0.00674,16.86924,2.62396
24,26,-0.06931,1.1853,1.0135,0.0102,13.71653,1.17418
24,26,-0.20509,0.95811,1.12173,-0.0874,14.87848,2.78791
24,26,-0.29805,1.06563,0.7185,0.00849,13.81164,3.47871
24,26,0.00544,1.14235,1.02593,-0.0388,11.20057,2.12211
24,26,-0.08819,1.10902,0.88816,0.07402,13.54167,2.31223
24,26,-0.2173,1.33003,0.80518,-0.04666,9.31862,2.59738
24,26,-0.25406,1.0861,1.04846,-0.07565,15.2733,2.4527
24,26,-0.08783,1.31476,1.01363,0.05272,14.55836,2.05119
24,26,0.00043,1.1841,1.11233,0.06971,11.60021,2.75773
24,26,-0.01105,1.18597,1.15602,-0.03107,15.99538,2.7166
24,26,-0.02389,1.14517,1.01096,0.15495,7.92555,2.74891
24,26,-0.03041,1.1812,0.83103,-0.12091,9.3003,2.3037
24,26,-0.18796,1.25414,0.90828,-0.1173,17.76334,1.68489
24,26,-0.24033,1.22544,0.87435,-0.10165,8.97172,1.96324
24,26,-0.31696,1.10102,0.96966,-0.08428,17.46962,3.03589
24,26,0.01537,1.27615,0.84245,-0.13034,10.90772,1.54693
24,26,-0.0772,1.04429,1.07665,0.05945,13.93068,2.45041
24,26,-0.20483,1.31248,1.08334,0.07132,16.26867,3.06831
24,26,-0.11969,1.1655,1.18638,-0.0454,19.86738,2.19821
24,26,-0.18651,1.20288,0.83169,-0.04053,9.66791,2.71063
24,26,-0.13393,1.25395,0.83318,0.08236,14.56641,2.29988
24,26,-0.0407,1.16459,1.04137,-0.12469,15.80266,1.47687
24,26,0.03181,1.42329,0.75768,0.01134,17.29792,2.96937
24,26,-0.131,0.97128,1.24272,-0.13031,12.43587,1.4044
24,26,-0.2021,1.35972,0.95,0.02046,16.74255,1.96619
25,19,-0.26329,1.23553,0.8279,0.00485,11.61502,2.45243
25,19,-0.20934,1.4339,1.13791,-0.20847,13.51376,2.5279
25,19,-0.10124,1.06327,0.93111,0.00416,11.81137,2.05139
25,19,-0.18746,1.40271,0.86575,-0.0699,8.77333,2.67343
25,19,-0.25861,1.28707,1.18699,0.08927,12.01604,2.13535
25,19,-0.27659,1.04838,1.08024,-0.05688,13.13432,3.6811
25,19,-0.19911,1.30009,0.65813,-0.06688,13.58172,2.55756
25,19,-0.08671,1.23632,0.87372,0.0205,13.40217,2.71923
25,19,-0.1907,1.14272,1.06575,-0.07698,14.43193,3.58487
25,19,-0.13664,1.15578,0.86121,0.01427,12.63342,2.68639
25,19,-0.04859,1.2648,0.96932,-0.02711,16.93209,3.49472
25,19,-0.09452,1.24524,0.88521,-0.00579,15.80353,2.22585
25,19,-0.23327,0.9709,1.19255,-0.01467,14.29294,2.38539
25,19,-0.00945,1.13647,0.79833,-0.05579,11.10056,2.78463
25,19,-0.29334,1.26141,0.94908,-0.11531,13.47687,2.40516
25,19,-0.1071,1.10322,1.18311,-0.10174,12.98338,2.09231
25,19,-0.06018,1.20372,0.9463,-0.05316,14.84371,2.63584
25,19,-0.10784,1.14582,1.10853,-0.06129,12.0344,2.93445
25,19,-0.09091,1.25086,1.01188,0.06211,16.81338,1.99919
26,21,-0.09716,1.24552,1.18749,0.0712,13.22166,2.28833
26,21,-0.10954,1.10401,0.98528,-0.03237,18.38542,2.61689
26,21,0.0058,1.13506,0.88881,-0.03053,11.54231,2.66574
26,21,-0.02822,1.17587,1.12802,-0.06309,9.63806,2.85036
26,21,-0.32907,1.23889,0.98868,0.01779,10.16021,2.39497
26,21,0.08476,1.24224,0.76336,0.09884,11.80148,2.45847
26,21,-0.2868,1.27787,0.83793,0.06291,12.32642,1.3673
26,21,-0.15156,1.2133,0.90112,-0.09157,17.58797,2.36925
26,21,-0.24512,1.4168,1.11218,0.11456,15.4157,1.61669
26,21,-0.18334,1.16202,1.16057,0.07803,8.08772,2.89965
26,21,-0.18819,1.24497,0.75453,-0.03989,12.44802,2.19134
26,21,0.03808,1.18578,0.85879,0.08725,14.21684,3.13303
26,21,-0.19012,1.26415,1.32499,-0.14466,14.53753,2.57801
26,21,-0.16969,1.09384,1.0886,-0.11346,6.9884,1.40879
26,21,-0.25892,1.11728,0.87879,-0.00272,15.74448,3.30374
26,21,-0.06586,1.09843,0.9023,0.07114,15.06485,3.02725
26,21,-0.11211,1.13659,1.11782,-0.07967,13.72819,1.14891
26,21,-0.1818,1.1937,1.04556,0.05004,13.40294,2.43646
26,21,-0.23341,1.06388,1.03421,-0.00584,15.85416,2.77676
26,21,-0.22963,1.20988,1.11162,0.01786,12.6533,3.4524
26,21,-0.35008,1.01598,1.02544,0.19316,6.536,3.07081
27,27,0.07121,1.17171,0.87849,-0.12028,12.23462,1.77728
27,27,-0.0663,1.40806,0.93405,-0.04808,9.12349,2.33634
27,27,-0.29711,1.10193,1.16598,-0.04727,14.7805,2.26887
27,27,-0.1847,1.06028,1.06916,-0.02204,11.10306,1.84658
27,27,-0.29477,1.14863,1.38844,0.00625,18.8092,3.02583
27,27,-0.22003,1.27303,0.80631,-0.30185,12.37603,2.31914
27,27,-0.13646,1.08198,1.16421,-0.09856,13.72201,2.68865
27,27,-0.1516,0.99473,0.77775,-0.09417,13.55483,2.02616
27,27,-0.09462,1.11811,1.08765,0.08606,10.89446,2.97792
27,27,-0.23636,1.05937,0.76534,0.02707,11.53808,2.87483
27,27,0.00723,1.18367,0.76837,-0.11418,20.29565,2.15844
27,27,-0.17384,1.26016,0.65967,0.15644,18.83569,2.78522
27,27,-0.12676,1.19949,0.92358,-0.00552,10.76789,2.91148
27,27,-0.07774,1.3449,0.95191,0.04275,10.85943,2.18416
27,27,-0.09194,1.22629,0.99289,0.00301,14.04181,1.90083
27,27,-0.04909,1.15534,0.9444,-0.03203,9.68508,2.48301
27,27,-0.1359,1.07262,0.9423,-0.11847,10.88991,2.27735
27,27,-0.09653,1.1606,0.86533,0.14152,18.30679,2.10983
27,27,0.01537,1.13521,0.97133,0.06392,12.19184,2.22844
27,27,-0.30086,1.2352,1.03066,0.0021,16.34715,2.06094
27,27,-0.08393,1.18081,0.9158,-0.17026,18.48968,2.85002
27,27,0.0387,0.93585,1.04965,-0.03823,14.86515,1.16949
27,27,0.05924,1.20369,1.13273,-0.13472,11.83997,2.76107
27,27,-0.40239,1.36706,1.13572,0.08513,16.29577,2.50851
27,27,-0.23611,1.13729,1.10998,-0.04377,8.19977,2.86202
27,27,-0.04256,1.26993,0.85185,0.05011,10.08408,2.63458
27,27,-0.09434,1.1745,1.01361,0.03522,13.31999,2.80502
28,17,-0.05977,1.05041,1.1746,-0.12658,10.62026,1.73109
28,17,-0.23679,1.22333,1.00877,0.08957,10.9883,2.89682
28,17,-0.14316,1.27436,1.03649,-0.1328,11.96699,2.90049
28,17,-0.03599,1.25198,0.95459,-0.07283,13.15998,1.84184
28,17,-0.01398,1.27343,0.8325,-0.22431,16.61272,2.55787
28,17,-0.1801,1.1639,1.22729,0.07084,14.07748,1.49451
28,17,-0.24873,1.1018,0.84714,0.05243,8.35344,2.59658
28,17,-0.35878,1.23736,0.99828,-0.06478,7.10008,1.92919
28,17,-0.17498,1.07306,0.77782,-0.10752,18.30431,3.09477
28,17,-0.31301,1.24114,1.00029,-0.02824,11.98916,2.54124
28,17,-0.36402,1.19428,0.74343,0.07025,16.1262,2.0607
28,17,-0.3228,0.95604,0.85634,-0.01655,11.21994,1.40732
28,17,-0.04893,1.11419,0.93953,-0.00613,5.86251,3.35312
28,17,-0.11453,1.39211,0.97071,0.06808,12.34409,2.45176
28,17,-0.01312,1.2543,0.81002,0.08081,14.43599,2.96531
28,17,-0.08315,1.1261,0.76692,-0.05599,14.55614,2.49408
28,17,-0.16749,1.19025,1.04592,0.13524,8.06341,2.4168
29,34,-0.38549,1.17357,0.81485,-0.1725,13.18908,2.61589
29,34,-0.38567,1.09289,0.55388,0.07663,11.38923,1.90252
29,34,-0.10188,1.07946,0.69553,0.19362,12.28466,1.84046
29,34,-0.26709,1.27784,0.85095,-0.03214,16.44239,2.7295
29,34,-0.12032,1.27548,0.92098,-0.02892,10.53361,2.7439
29,34,-0.1989,1.37116,0.82526,0.17727,11.53383,3.23854
29,34,0.15585,1.26214,0.92845,0.15278,9.33978,3.03046
29,34,-0.15322,1.25288,0.93075,0.11192,12.69422,2.2192
29,34,-0.17432,1.04777,0.88249,0.01722,14.3998,2.03641
29,34,-0.26851,1.01422,0.98122,-0.03037,10.04294,3.06764
29,34,0.0114,1.35684,1.03968,0.04183,14.35566,1.80689
29,34,-0.11272,1.1535,0.91021,0.13075,10.40793,1.94644
29,34,-0.08858,1.16817,0.84867,-0.03898,13.20138,2.44281
29,34,0.0252,1.16406,0.75845,0.04095,14.68122,2.91228
29,34,-0.07743,1.10399,0.93962,0.12173,10.67316,2.54737
29,34,-0.11757,1.27042,1.1281,0.00806,14.68969,2.55808
29,34,0.00607,1.29765,1.1961,0.00571,14.9172,2.59681
29,34,0.01918,1.195,0.88219,0.0294,14.0948,3.35363
29,34,-0.19705,1.04581,0.62633,-0.02462,11.37833,2.09067
29,34,-0.17751,1.08198,0.76204,0.15141,14.05996,2.04071
29,34,-0.25526,1.0002,0.89332,-0.03949,11.38928,1.88515
29,34,-0.04925,1.28665,0.91237,0.11019,12.89296,2.80365
29,34,0.11037,1.20534,0.95672,-0.07088,15.44831,2.63827
29,34,-0.20535,1.07529,0.85233,0.10198,12.43032,2.4825
29,34,-0.03088,1.11769,0.82449,-0.10179,13.33695,2.22647
29,34,-0.04075,1.08612,0.97056,-0.00158,17.91903,1.9821
29,34,-0.20733,1.0503,0.92152,0.21287,16.26602,1.75268
29,34,-0.30632,1.17428,0.78913,0.05462,12.49226,3.02524
29,34,0.042,1.17885,0.87471,-0.01731,12.14869,1.40335
29,34,-0.06763,1.35487,0.57633,-0.01185,12.78822,1.76599
29,34,-0.06444,1.15427,0.84963,-0.00672,10.55219,2.4581
29,34,-0.16409,1.1543,1.10392,0.11326,13.67179,2.15878
29,34,-0.24749,1.30514,0.90706,-0.17426,13.27374,1.59431
29,34,-0.31,1.18767,0.78138,0.1298,12.77331,2.37422
30,21,-0.06493,1.08368,0.81856,0.13526,18.69042,3.21361
30,21,-0.02381,1.23991,0.96399,-0.06843,16.97029,1.61294
30,21,-0.25097,1.12492,0.64002,-0.02261,13.09388,2.63964
30,21,-0.0744,1.34267,0.98014,0.01709,14.67413,2.52603
30,21,-0.15014,1.45826,0.98096,0.02168,9.50423,2.24656
30,21,-0.23986,1.212,0.85497,0.05928,11.40134,3.29495
30,21,-0.19406,1.21392,0.92938,-0.04691,14.71059,3.87777
30,21,0.08419,1.10808,0.79935,-0.09682,18.123,3.57187
30,21,-0.03128,1.19762,0.87431,0.13668,15.33235,1.93941
30,21,-0.117,1.23591,1.15892,0.01412,15.05909,2.58103
30,21,-0.17854,1.1189,0.89372,0.05357,14.25872,2.59631
30,21,-0.3129,1.01272,0.83296,0.0501,9.5205,2.12793
30,21,-0.04062,1.20158,0.93893,-1e-05,11.35589,2.68323
30,21,0.1353,1.30975,0.77566,-0.07357,10.13173,2.90609
30,21,-0.06067,1.14739,1.09729,-0.13073,13.12363,4.33202
30,21,-0.20442,1.24249,1.01842,-0.01899,13.48235,2.09026
30,21,-0.03098,1.01724,0.87946,-0.0032,17.25128,2.01081
30,21,-0.20335,1.28417,0.88011,-0.02528,15.98997,1.85532
30,21,0.00867,1.21788,0.83589,0.02163,14.2984,3.94579
30,21,-0.25866,1.06972,0.78846,-0.13728,12.92501,2.70619
30,21,-0.28233,1.27522,0.75571,-0.02793,15.56584,2.17303
31,12,-0.11453,1.10359,0.7761,0.03588,14.69914,3.13003
31,12,0.00659,0.9273,0.80372,0.08225,13.12264,2.35181
31,12,-0.05477,1.35954,0.87936,0.02155,12.63135,1.71142
31,12,-0.40287,1.34627,0.95605,0.10706,10.8269,2.44808
31,12,-0.04876,1.38947,1.02178,-0.14891,15.43301,3.0437
31,12,-0.19997,1.00483,0.79285,-0.02322,14.00573,2.38746
31,12,-0.04935,1.15815,0.79667,0.07001,13.28553,2.74431
31,12,-0.27365,1.08754,0.73256,0.04274,9.86751,2.95288
31,12,0.02849,1.16513,0.78291,-0.00806,17.87077,3.22763
31,12,-0.18119,1.30539,0.94266,0.08821,12.73222,3.68216
31,12,-0.28791,1.17818,0.91605,0.01407,15.30386,2.80585
31,12,-0.23577,1.0852,0.84729,-0.01696,12.99669,2.64483
32,22,-0.12901,1.12298,0.71414,0.17781,14.33162,2.66984
32,22,-0.23647,1.32697,1.04665,0.01358,5.9776,3.58677
32,22,0.04611,1.32578,0.61378,0.21672,12.1416,2.51231
32,22,-0.12908,1.28677,0.75049,0.00841,11.72849,2.16184
32,22,-0.1494,0.88923,0.6415,-0.01598,14.05333,2.57797
32,22,-0.08765,1.18241,1.00105,0.03575,10.11317,2.41246
32,22,-0.27196,1.22882,0.81063,0.01628,15.06059,1.85141
32,22,-0.21818,1.05221,1.0153,0.11545,11.88825,2.90877
32,22,-0.04408,1.09564,0.8092,-0.03023,14.63094,2.4834
32,22,-0.31558,1.40114,0.64517,-0.04774,12.91268,4.36531
32,22,-0.3335,1.41532,0.91725,0.01839,18.48586,2.1449
32,22,-0.21266,1.28234,0.92951,0.10555,8.68799,1.91583
32,22,-0.12224,1.1926,1.04612,0.00352,12.48286,2.76901
32,22,-0.12791,1.20563,0.76215,0.08983,7.47144,2.92005
32,22,-0.12285,1.37699,0.87663,0.08822,9.93583,2.39364
32,22,0.14484,1.12486,0.72442,0.04774,14.79185,2.80739
32,22,-0.09382,1.28397,0.83527,-0.09328,13.91817,2.51701
32,22,-0.18313,1.32413,0.92898,-0.02765,12.35852,3.67332
32,22,-0.06982,1.10159,0.763,-0.14128,13.46061,2.5041
32,22,-0.19419,1.23208,0.95283,-0.01119,15.99658,2.61145
32,22,-0.07353,0.97127,0.84562,-0.00401,17.29907,2.86661
32,22,-0.2211,1.2544,0.54216,-0.1284,7.04341,2.36669
33,12,-0.17391,1.00392,0.73619,-0.09141,20.72964,2.03517
33,12,-0.07088,1.17014,0.76689,-0.0042,9.17964,2.42214
33,12,-0.0491,1.37841,0.60202,0.10259,15.81766,3.0133
33,12,-0.15275,1.03813,0.85822,-0.03179,12.60085,3.20939
33,12,-0.04504,1.45121,0.80944,0.01299,8.66892,2.04486
33,12,0.00173,1.22296,0.84283,-0.10366,15.41602,2.81427
33,12,-0.11985,1.20127,0.97959,-0.00293,13.04704,2.34185
33,12,-0.21068,1.4086,1.05686,-0.0343,12.29729,2.71224
33,12,-0.11211,1.13941,0.90093,0.01835,16.16143,1.9025
33,12,-0.32067,1.23877,0.85709,0.01061,7.99984,2.61365
33,12,-0.03351,1.21624,1.04071,-0.04131,13.01605,2.48921
33,12,-0.17456,1.27201,0.55823,-0.04499,11.37819,2.09879
34,31,-0.21006,1.15621,0.80867,0.13655,10.93404,2.22734
34,31,-0.14145,1.19373,0.8732,-0.02478,19.25495,2.44816
34,31,-0.18131,1.18454,0.79905,0.15405,10.30635,2.57431
34,31,-0.13599,1.19136,0.93514,0.059,13.09449,1.98234
34,31,-0.1139,1.24121,0.72421,-0.09366,16.5297,3.55547
34,31,-0.36047,1.07642,1.00533,0.15276,14.96799,2.84067
34,31,-0.07372,1.28609,1.0219,-0.02803,16.05558,1.04316
34,31,-0.20794,1.13455,0.75475,0.08608,9.79376,3.36527
34,31,-0.17798,1.13035,0.90822,0.1708,13.2447,1.8539
34,31,0.00927,1.18366,0.83611,-0.32608,16.27756,1.73547
34,31,0.02844,1.07365,0.81553,-0.06994,14.70466,2.81833
34,31,-0.22717,1.10393,1.06305,0.06917,13.78968,2.46533
34,31,-0.26752,1.27389,0.77586,-0.03266,20.12266,1.89757
34,31,-0.25067,1.32586,0.84424,0.04738,16.09947,2.61269
34,31,-0.11404,1.46289,0.77705,-0.02455,10.67711,2.31716
34,31,-0.15934,1.48719,0.86129,-0.15932,14.27211,3.4874
34,31,-0.17101,1.05065,1.04063,-0.11948,15.04154,1.87215
34,31,-0.27894,1.25801,0.55654,-0.00728,15.03985,1.67406
34,31,-0.16256,1.09613,1.04008,-0.08549,14.81264,3.05118
34,31,-0.15575,1.06493,1.06476,0.00677,17.35101,2.38996
34,31,-0.07811,1.28013,0.65383,-0.13017,16.09934,3.54978
34,31,-0.21183,1.10212,1.12937,-0.02408,14.1396,2.67707
34,31,0.05682,1.25212,1.07152,0.05974,10.52781,2.36203
34,31,-0.09727,1.32907,1.09916,0.05509,7.25358,2.76853
34,31,-0.28666,1.05695,0.99858,-0.10316,15.93115,2.24738
34,31,-0.1572,1.23449,0.65299,0.14671,11.82977,3.21566
34,31,-0.36934,1.21733,0.78559,-0.02623,14.74222,3.25225
34,31,-0.03842,1.27788,0.50556,0.31516,14.45875,1.8363
34,31,-0.15934,1.24265,0.86737,0.00858,11.1251,1.94626
34,31,-0.00624,1.24146,0.92013,0.00465,16.38661,2.03879
34,31,-0.10808,1.15131,1.0178,-0.09565,14.82039,1.60572
35,21,-0.31181,1.31365,0.58392,-0.00783,8.1817,3.48876
35,21,-0.19925,1.162,0.71182,0.04974,14.81515,3.33956
35,21,-0.19661,1.21145,0.51231,-0.09267,14.62794,2.10194
35,21,-0.25499,1.15944,0.65764,0.07785,14.02596,2.29734
35,21,-0.37231,1.22868,0.90843,-0.01743,16.68207,2.84723
35,21,-0.20195,1.12419,0.88278,0.10352,6.82497,1.41417
35,21,-0.22613,1.07445,0.80908,0.00893,14.28487,2.46
35,21,-0.01919,1.07985,0.82573,0.07219,16.48254,1.2817
35,21,-0.19897,1.33015,0.69303,-0.07246,11.33016,3.05047
35,21,-0.14738,1.15043,0.79215,0.01563,7.86297,2.55656
35,21,-0.10645,1.25125,0.96223,-0.01165,10.06306,1.52427
35,21,-0.13773,1.26641,0.96983,-0.09115,17.81809,2.64782
35,21,-0.12609,1.41701,0.82538,-0.07605,14.30797,2.06258
35,21,-0.13958,1.24978,0.64569,-0.07242,11.67234,2.90907
35,21,-0.10896,1.13952,0.67671,-0.02451,17.50689,2.2564
35,21,-0.03256,1.22713,0.95343,-0.11845,7.75593,3.50028
35,21,0.19086,1.17186,1.02207,0.1106,12.93103,2.72071
35,21,0.0461,1.07128,0.66605,-0.1264,5.80111,2.31798
35,21,-0.32166,1.27028,0.79444,-0.09794,8.55103,2.95526
35,21,-0.06318,1.2017,0.6589,-0.03763,12.37486,1.89771
35,21,-0.3905,1.16423,0.93432,0.03021,19.01407,3.46687
36,14,-0.01781,1.20082,0.86939,-0.10344,6.7883,2.59573
36,14,-0.21593,1.11012,0.81619,0.03457,15.7479,2.97247
36,14,-0.03327,1.01697,0.79321,0.12036,16.37418,2.53518
36,14,-0.08295,1.29543,0.77605,0.17394,11.47696,1.9604
36,14,-0.19021,1.21191,0.79223,0.01548,12.79567,3.57546
36,14,-0.00838,1.36872,0.78397,0.04659,17.62325,3.42853
36,14,-0.07122,1.17175,0.97478,-0.07961,15.66551,3.21016
36,14,-0.09321,1.14892,0.95556,-0.04916,13.47876,2.58181
36,14,0.05409,1.17761,0.77554,0.03124,11.2938,3.0475
36,14,0.0083,1.14764,0.75958,-0.04871,14.76662,4.01793
36,14,-0.23859,1.11403,0.80435,-0.05312,14.55026,3.46386
36,14,-0.27925,1.32624,0.79983,-0.13173,9.16476,1.66736
36,14,-0.00821,1.3518,1.05975,-0.0254,12.51092,3.05058
36,14,-0.12917,1.21876,1.12505,0.02691,16.84949,1.81893
37,28,-0.2495,1.26561,0.55439,0.0482,11.88317,3.03823
37,28,-0.13944,1.20666,0.91624,0.08704,12.07137,1.85622
37,28,-0.13076,1.18561,0.82856,-0.12178,10.22253,3.51928
37,28,-0.16562,1.06917,0.85411,-0.11843,11.4002,2.54008
37,28,-0.12629,1.31524,0.79865,-0.03992,12.34809,2.06467
37,28,0.00637,1.24686,0.95898,0.08032,11.86508,2.53873
37,28,-0.04613,1.08778,0.86948,-0.02938,15.51216,3.45643
37,28,-0.07116,1.23574,0.80654,0.02669,16.7209,2.78676
37,28,-0.11398,1.07264,0.86088,0.26518,14.82676,1.93022
37,28,-0.18481,1.03109,1.08594,0.02938,16.19162,2.52652
37,28,-0.17441,1.07854,0.65926,0.02839,12.99323,2.96953
37,28,-0.16057,1.00881,0.75749,-0.05727,18.98955,1.97688
37,28,-0.33254,1.13399,0.88675,-0.02898,14.59191,3.10667
37,28,-0.23825,1.16445,0.84073,-0.07602,17.59445,2.89176
37,28,-0.15786,1.21673,0.88872,0.01857,10.72699,2.39488
37,28,0.04943,1.15809,0.9694,0.06476,14.66396,3.04613
37,28,-0.23439,1.35976,0.75944,-0.08524,16.03286,2.53026
37,28,-0.1286,1.45326,0.81674,-0.05573,9.2996,2.37168
37,28,0.01953,1.32867,0.68054,-0.02199,12.14172,3.0401
37,28,-0.29321,1.07867,0.89186,-0.02756,14.8685,2.59439
37,28,-0.07589,1.16709,1.00967,-0.10689,16.78163,3.26277
37,28,-0.15692,1.33719,0.94164,0.08376,7.42019,3.01802
37,28,-0.18194,1.09126,1.00734,-0.11596,12.84175,1.4235
37,28,-0.12013,1.15074,0.917,0.03386,16.17796,2.99025
37,28,0.02158,1.16605,0.86902,0.04768,10.51075,2.18017
37,28,-0.11324,1.1692,1.04155,0.01835,8.62802,2.28105
37,28,-0.13454,1.35214,0.80135,-0.00621,11.80566,3.11679
37,28,-0.07443,1.16948,1.05248,-0.02505,7.27209,2.73712
38,13,-0.25486,1.38224,0.81903,-0.10443,10.94706,2.58013
38,13,-0.20104,1.27614,0.96689,0.04692,9.20018,3.09732
38,13,-0.01763,1.27458,0.82262,-0.04828,12.39441,4.00971
38,13,-0.25193,1.19084,0.59775,-0.05201,11.01284,2.47318
38,13,-0.2005,1.25318,0.67685,-0.01083,12.86096,1.61923
38,13,-0.25426,1.11642,0.91227,0.03914,17.41821,3.0683
38,13,-0.35076,1.22453,0.76677,-0.03062,17.386,2.26367
38,13,-0.04652,1.09974,0.89823,0.07605,13.89618,1.25545
38,13,-0.1117,1.26755,0.90637,0.04215,18.87224,2.30333
38,13,-0.10505,1.1968,0.85454,0.10576,9.50499,2.79625
38,13,-0.03304,1.17769,0.61734,-0.03743,11.20838,2.47158
38,13,-0.17904,1.28955,0.64549,0.06958,14.39096,2.69661
38,13,-0.00751,1.10771,0.86472,0.10487,11.53499,3.03465
39,32,-0.07408,1.41639,0.83892,-0.07647,11.5945,2.249
39,32,-0.01338,1.30807,0.9212,-0.04286,12.29325,2.27643
39,32,0.08796,1.15192,0.742,0.20855,11.04995,3.37392
39,32,-0.35024,1.27751,0.92231,0.03601,19.3272,3.24161
39,32,-0.04394,1.14165,0.62926,-0.08712,9.91563,3.28964
39,32,-0.30329,1.16996,0.68,0.16311,10.64435,2.82241
39,32,-0.19222,1.24972,0.83496,0.06144,12.74011,2.59722
39,32,-0.17779,1.27293,0.95347,0.05191,13.53796,2.23659
39,32,-0.13492,1.28065,1.02566,0.14676,10.57877,3.4854
39,32,-0.08325,1.26154,0.46265,0.05642,13.00391,2.67798
39,32,-0.12119,1.28994,0.70855,-0.05261,13.60341,2.7243
39,32,-0.12355,1.10857,0.97379,-0.09003,18.08059,2.33555
39,32,0.03716,1.20017,0.79251,-0.14157,16.28428,1.87865
39,32,0.00343,1.35413,1.03049,-0.01048,11.55058,2.758
39,32,-0.22415,1.40956,0.87859,0.00766,10.95693,3.05212
39,32,-0.18469,1.309,0.88881,-0.03826,14.70602,2.82508
39,32,-0.25034,1.20958,0.67423,0.14889,14.24003,1.6062
39,32,0.05546,1.21807,0.70662,0.00609,11.5225,2.72617
39,32,0.01473,1.06875,0.96037,-0.17385,17.18088,2.42993
39,32,-0.28723,1.33911,1.05855,0.04421,13.92105,3.08168
39,32,-0.30468,1.10112,0.89317,0.02641,10.94636,2.97504
39,32,-0.21856,1.28511,0.7303,-0.12984,16.46804,2.71296
39,32,-0.26029,1.04423,0.89295,0.14239,14.17823,2.0632
39,32,-0.18708,1.34739,0.94051,-0.03824,16.16508,1.70762
39,32,-0.09747,1.30825,1.03371,0.04613,7.32238,1.76645
39,32,0.05099,1.23152,0.83497,0.13074,8.11026,0.91227
39,32,0.00476,1.19214,1.0371,0.15628,15.97464,2.71356
39,32,-0.15388,1.22268,1.00759,0.01432,9.52252,2.47317
39,32,-0.21772,1.13836,0.88599,0.08746,12.40657,2.05545
39,32,-0.15193,1.28141,1.02241,0.14362,7.79974,3.04206
39,32,0.01955,1.09755,0.60234,0.05782,17.15375,2.60795
39,32,-0.0063,1.33042,0.98476,0.09994,10.9939,3.04747
40,32,-0.13459,1.14869,0.8851,0.00747,13.28571,2.61972
40,32,-0.14898,1.13274,0.90799,-0.0139,12.62594,1.81171
40,32,-0.02313,1.03429,0.92693,0.06462,14.79566,2.41539
40,32,-0.01591,1.25191,0.97544,-0.06099,12.6737,2.15992
40,32,-0.18562,1.25446,0.81987,-0.02656,11.22673,2.74498
40,32,-0.29727,1.18528,0.98309,-0.06076,11.91236,2.19258
40,32,-0.12883,1.07507,0.83915,-0.07263,13.93428,2.32936
40,32,-0.02578,1.10029,0.8762,0.0046,11.21833,2.44626
40,32,-0.05435,1.1981,0.92171,-0.0025,20.66278,2.44841
40,32,-0.20838,1.43613,0.792,-0.0079,14.42875,3.25991
40,32,0.05308,1.16341,0.712,0.18435,13.82473,2.42879
40,32,-0.22517,1.14865,0.54377,0.04946,13.5524,2.82765
40,32,-0.14744,1.26558,0.92573,0.15102,13.53479,2.68692
40,32,-0.20858,1.13272,0.82361,-0.01676,11.31701,2.91091
40,32,-0.09261,1.14684,0.63829,0.00563,11.76225,2.33117
40,32,-0.23468,1.28249,0.9135,-0.02811,13.24207,2.92784
40,32,-0.20089,1.32636,0.86953,-0.06609,18.52911,1.92886
40,32,-0.03399,1.34803,1.15007,0.02716,10.50155,1.91703
40,32,-0.11941,1.14168,0.80765,-0.10401,11.72902,2.45181
40,32,-0.12281,1.3213,0.6508,0.09396,13.94993,2.37273
40,32,-0.02765,1.24407,1.02671,0.17693,16.3055,2.43617
40,32,-0.09395,1.00675,0.80609,-0.10634,13.07712,1.49213
40,32,0.0009,1.21974,0.81765,0.0261,11.60639,2.24025
40,32,-0.12198,0.98589,0.8689,0.07008,15.61622,2.90197
40,32,-0.14945,1.20553,0.80256,0.00052,11.46179,1.95291
40,32,-0.13799,1.3815,1.04303,-0.06971,20.698,2.1562
40,32,-0.11596,1.22899,0.83701,-0.0597,14.68894,3.30574
40,32,-0.22245,1.25445,0.83151,0.04153,12.26739,2.03267
40,32,-0.09444,1.1185,0.73902,-0.05418,11.85949,2.88582
40,32,-0.23854,1.26964,0.75532,-0.15925,15.8014,2.68621
40,32,-0.07947,1.13501,0.79949,-0.03348,13.46329,1.99586
40,32,-0.05172,1.07773,1.01547,-0.0476,18.47809,2.80227
41,23,-0.16229,1.2818,0.97833,0.05005,14.77735,2.36629
41,23,-0.16287,1.0859,0.86569,0.05322,12.20761,1.95856
41,23,-0.39208,1.34629,0.96455,-0.08313,16.15273,3.08189
41,23,-0.17221,1.19517,0.78954,0.04102,14.18598,2.60627
41,23,-0.1291,1.23776,0.72654,-0.01351,10.29658,2.51392
41,23,-0.06976,1.20898,0.64696,0.06854,15.54386,2.61163
41,23,-0.18928,1.308,0.5401,-0.08561,8.34829,2.3584
41,23,0.04783,1.40886,0.93932,0.06195,12.23224,3.10219
41,23,-0.21283,1.27749,0.81879,-0.05875,13.56315,2.17981
41,23,-0.03889,1.22081,0.60869,-0.14024,9.28863,2.11795
41,23,-0.09289,1.13469,0.62056,0.04785,14.71925,3.14617
41,23,-0.23881,1.16494,0.8167,0.03194,12.09595,1.75466
41,23,-0.23895,1.02183,0.61709,-0.03114,14.1321,2.91532
41,23,-0.27079,1.11525,0.92218,0.09449,15.60039,1.50622
41,23,-0.10312,1.29806,0.82023,0.00415,12.08735,3.13043
41,23,-0.14708,1.05572,0.81028,-0.07356,14.64891,2.40602
41,23,-0.14891,1.27194,0.66147,0.05127,11.98237,2.51143
41,23,-0.11909,1.43076,0.90043,0.10035,11.0805,2.46258
41,23,-0.23737,1.14908,0.77856,0.00537,14.48598,3.13873
41,23,-0.10911,1.15354,0.70918,0.07976,12.6902,2.97395
41,23,-0.12927,1.20487,0.96962,0.01455,14.08959,2.54598
41,23,-0.31184,1.15187,0.75621,0.04354,18.01346,2.27025
41,23,-0.12151,1.23538,0.87337,0.01215,7.58103,2.55295
42,21,0.0648,1.04694,0.64154,0.11946,14.90689,2.1645
42,21,-0.13259,1.24715,0.73572,-0.0195,11.96791,2.3693
42,21,-0.04391,1.22777,0.7687,0.09981,5.74139,2.79848
42,21,-0.20104,1.16046,1.02206,-0.13631,19.58244,2.09953
42,21,-0.20637,1.25856,0.92888,-0.03829,9.92917,2.05706
42,21,-0.05728,1.45051,0.93434,-0.10683,15.08225,1.50106
42,21,-0.0592,1.12335,0.58049,-0.00835,13.95729,1.51489
42,21,-0.26286,1.2451,0.97066,-0.11037,12.07346,2.55851
42,21,-0.11948,1.22141,0.67605,-0.12838,16.47767,3.49067
42,21,-0.0544,0.99002,0.79926,-0.10584,12.16789,2.30043
42,21,-0.21071,1.04879,0.73194,-0.04738,12.58056,2.56593
42,21,-0.06482,1.52628,0.81923,0.06574,12.28277,2.47245
42,21,-0.12951,1.12757,0.79015,-0.08847,12.21228,2.63639
42,21,0.09261,1.15114,0.82397,0.13937,5.66935,2.66909
42,21,-0.1695,1.04246,1.16709,0.00968,12.25066,3.1684
42,21,-0.19401,1.02025,0.72665,-0.18415,9.87559,2.30939
42,21,-0.26153,0.96985,0.65578,-0.11916,7.97013,2.74754
42,21,-0.09508,1.0844,0.76033,-0.02389,15.20323,1.49825
42,21,-0.0734,1.21125,0.88779,0.04182,9.63943,1.62033
42,21,0.00423,1.49606,0.51023,0.09673,10.4257,2.78064
42,21,-0.3768,1.17699,0.99286,-0.03612,13.43421,3.32639
43,20,0.04369,1.35693,0.71443,-0.05672,8.24891,2.70712
43,20,-0.03259,1.23593,1.07441,0.06505,13.06835,2.00056
43,20,0.05182,1.28187,0.686,0.06818,9.73676,3.093
43,20,-0.35633,1.24701,0.96148,-0.00906,14.03222,2.83548
43,20,-0.2482,1.09638,0.70042,-0.05559,14.46292,1.48739
43,20,-0.29128,1.3155,0.79382,0.15747,18.79744,1.7132
43,20,-0.29771,1.34637,0.88923,-0.02984,10.06135,2.31739
43,20,-0.14815,1.28831,0.65018,0.00688,14.90708,2.82004
43,20,-0.14573,1.26019,0.66795,0.04836,14.33826,2.10637
43,20,0.05371,1.23242,0.8721,0.18703,12.64809,2.25183
43,20,-0.31076,1.21147,0.79375,-0.04694,11.32447,3.44816
43,20,-0.26564,1.14957,1.12183,0.09712,11.65374,1.52196
43,20,0.00084,1.18533,0.8474,0.02311,11.45752,1.93864
43,20,-0.17721,1.24909,0.84967,-0.02942,11.92622,3.38482
43,20,0.03776,1.13467,0.55466,0.03006,14.17877,2.42855
43,20,-0.24108,1.32572,0.87504,0.00932,12.56627,2.34671
43,20,-0.09196,1.10236,1.09141,0.06683,8.90974,3.53702
43,20,0.11499,1.15437,0.85713,0.14447,11.87067,1.86774
43,20,-0.14508,1.1878,1.01379,-0.00723,16.21303,2.16255
43,20,-0.21043,1.19223,0.9224,-0.04104,14.43617,2.20388
44,19,-0.16084,1.07682,1.0411,-0.01341,19.04597,2.21127
44,19,-0.20478,1.36129,0.7444,0.01298,9.10136,2.25553
44,19,-0.18915,1.22156,0.94736,0.02866,12.48688,3.71709
44,19,-0.04178,1.32382,0.81769,-0.01034,12.65163,2.34934
44,19,0.00154,1.24799,0.92879,-0.20376,15.05779,2.72123
44,19,-0.22764,1.45139,0.85567,-0.05454,11.14212,3.4048
44,19,-0.15121,1.18067,0.9258,-0.04292,15.18863,2.31483
44,19,-0.03676,1.21177,0.85791,-0.01824,12.89379,2.91466
44,19,-0.23486,1.24618,0.57567,0.00277,10.14929,2.51556
44,19,-0.19882,1.17968,1.01,-0.06333,15.04101,3.10925
44,19,-0.13565,1.12417,0.80029,0.05476,17.06512,1.99958
44,19,-0.15487,1.07375,0.73947,0.18209,9.90683,2.27414
44,19,-0.19935,1.39133,0.82461,0.01443,17.09077,1.73897
44,19,-0.00905,1.12429,1.00812,0.01641,16.81969,2.10855
44,19,-0.20777,1.27575,0.83764,-0.09953,15.33803,2.86841
44,19,0.00358,1.21128,0.79725,-0.02581,15.64107,2.63672
44,19,-0.09896,1.13339,1.0186,-0.03503,15.46472,2.29498
44,19,-0.27709,1.13302,0.68471,0.05843,9.64902,1.9653
44,19,0.04953,1.11109,0.67391,-0.16144,15.04336,2.89027
45,27,-0.07675,1.31294,0.77281,0.02592,14.02706,2.76292
45,27,-0.06385,1.27425,0.76548,0.0977,13.71506,2.08193
45,27,-0.17619,0.97568,0.96719,-0.0792,13.24813,1.74907
45,27,-0.23638,1.29261,0.92386,-0.04643,14.86404,2.49499
45,27,-0.32131,1.32,0.83752,-0.06281,11.95112,2.2983
45,27,-0.15189,1.12887,0.83867,0.04406,10.16578,3.02878
45,27,-0.14431,1.21549,0.87166,-0.01195,17.9337,2.60272
45,27,-0.09005,1.38945,0.81242,-0.16425,8.71593,3.06721
45,27,-0.33475,1.33443,0.65123,-0.03662,8.70033,1.70278
45,27,0.01161,1.35481,0.86598,0.06864,15.55018,2.19731
45,27,-0.01619,1.19152,0.86374,0.02832,9.49212,2.01987
45,27,0.05086,1.15485,0.78265,0.01078,10.4502,2.61035
45,27,0.00201,1.30595,0.6533,-0.02171,9.60422,1.88422
45,27,0.04186,1.16372,0.93753,0.10274,14.12409,3.42278
45,27,-0.16531,1.19937,1.04854,-0.13508,12.029,2.73498
45,27,-0.10687,1.40477,0.82113,0.04208,11.36178,4.1322
45,27,-0.14151,1.04511,0.93037,0.20568,14.55473,2.05864
45,27,-0.12687,1.18366,0.75251,0.07115,9.23417,2.56501
45,27,-0.3987,1.0458,0.73497,-0.07407,12.56591,2.21546
45,27,-0.18123,1.35314,0.86396,-0.09261,11.41568,2.82677
45,27,-0.20637,1.2754,0.89046,0.02732,14.2266,2.67892
45,27,-0.36139,1.14432,0.74291,-0.10606,18.29979,3.20833
45,27,-0.03056,1.08518,0.78636,-0.02987,11.063,2.67376
45,27,-0.17196,1.04767,0.70754,0.1735,8.02193,2.25458
45,27,-0.27255,1.32076,0.89743,0.00772,14.13781,2.93065
45,27,-0.02859,1.2964,0.9182,0.03159,11.71092,2.91872
45,27,-0.0989,1.4477,0.82995,-0.04493,11.73941,2.6583
46,32,-0.09766,1.29652,0.74599,0.02529,16.64111,4.25453
46,32,-0.3,1.2538,0.75883,0.09217,11.67086,3.08428
46,32,-0.1723,1.09727,0.70102,0.04409,13.11413,1.29473
46,32,-0.38687,1.28656,0.85431,-0.14976,13.26927,2.73926
46,32,0.08632,1.26424,0.65795,-0.03233,9.7049,2.54721
46,32,-0.19398,1.22761,0.78158,0.06222,14.31992,2.69714
46,32,-0.23468,1.35505,0.67001,-0.05544,12.47415,2.01459
46,32,-0.35831,1.30325,0.89126,-0.03863,14.19033,2.61319
46,32,-0.25804,1.1403,0.91621,-0.04297,14.4969,2.83258
46,32,-0.32639,1.2263,0.75867,-0.09191,12.32067,2.62751
46,32,0.10136,1.40109,0.78651,0.08305,12.38739,1.55186
46,32,-0.11489,1.17796,0.90698,-0.04064,17.56427,2.00393
46,32,-0.12268,1.32518,0.97759,0.04437,11.5741,2.47651
46,32,-0.3036,1.25416,0.61352,-0.08791,17.89624,2.60058
46,32,-0.32661,1.11871,0.54507,-0.05777,13.51351,2.54927
46,32,-0.01918,1.15123,0.94177,-0.02172,12.14415,3.37186
46,32,-0.09319,1.20633,0.77404,0.11083,15.85064,2.51439
46,32,-0.07449,1.17451,0.91446,0.02563,17.27246,2.1499
46,32,-0.05336,1.20959,0.80721,-0.05797,7.20008,4.08592
46,32,-0.17923,1.33693,0.86751,0.02629,16.73188,2.6832
46,32,-0.04457,1.26489,0.43146,-0.11606,12.85998,3.32854
46,32,-0.1261,1.09312,0.81839,0.10097,11.6629,2.75218
46,32,0.03749,1.48284,0.71964,0.08061,21.09849,2.96559
46,32,-0.04338,0.94522,0.60015,-0.01513,13.89255,2.34669
46,32,-0.03148,1.43934,0.83539,0.07148,14.95983,2.90793
46,32,-0.17915,1.12794,0.99696,0.12592,12.64357,2.28593
46,32,-0.00085,1.25892,1.05316,0.23868,14.25784,2.88827
46,32,-0.27752,1.14587,0.56663,0.04933,16.35835,2.57188
46,32,-0.31477,1.3526,0.71105,0.05718,16.8821,2.04077
46,32,0.04607,1.12794,1.03773,0.12553,14.43638,3.20586
46,32,-0.07953,1.37707,0.72144,0.10008,12.58916,3.42395
46,32,-0.17348,1.35878,0.898,0.02475,16.39255,1.67581
47,18,-0.19799,1.02968,0.87493,0.11413,9.84663,2.37292
47,18,-0.2767,1.03607,0.74424,-0.03297,11.13792,2.49514
47,18,-0.14913,1.08682,0.8021,-0.12956,14.14692,2.06501
47,18,-0.20156,1.26085,1.00548,0.00476,11.82844,3.1298
47,18,-0.16498,1.24588,0.81539,-0.0004,15.98855,1.85865
47,18,-0.01133,1.34299,0.86595,-0.05684,10.61606,2.15542
47,18,-0.02146,1.23885,0.71934,0.05044,14.18602,2.97871
47,18,-0.10731,1.40557,0.7993,-0.08221,14.25859,2.44227
47,18,-0.12955,1.14371,0.72249,0.05839,11.13016,2.76616
47,18,-0.14613,1.33596,0.94313,0.03988,13.46545,3.28757
47,18,-0.02176,1.22758,1.03607,0.16683,12.43972,2.7396
47,18,0.12103,1.39506,0.59017,0.08542,10.14545,2.73524
47,18,-0.21968,1.26065,0.9087,0.05313,16.05914,3.29913
47,18,0.01898,0.99942,0.794,0.07306,16.82024,2.88589
47,18,-0.0177,1.29293,0.90061,0.10178,17.05512,2.99252
47,18,-0.18338,0.95799,0.77858,0.0384,7.56694,2.10023
47,18,-0.13957,1.30555,0.7717,0.03081,12.60967,1.47543
47,18,-0.08622,1.09592,1.1159,-0.07904,16.85047,2.26091
48,12,-0.0403,1.32806,0.62501,0.06234,12.59206,2.89725
48,12,-0.02841,1.28205,0.63852,-0.05136,12.44896,2.64631
48,12,0.01263,1.12966,0.77934,-0.03769,12.19415,2.13915
48,12,0.0069,1.36057,1.01182,-0.00925,9.25188,1.92137
48,12,-0.12055,1.15143,0.71962,0.15529,15.90803,2.69143
48,12,0.00543,1.08097,0.57854,0.02132,10.14353,1.73735
48,12,-0.3293,1.40399,0.69433,0.13972,10.7492,3.53173
48,12,0.18215,1.20269,0.94416,-0.05303,13.93134,2.8056
48,12,-0.22413,1.0255,1.07654,0.09105,17.23107,2.62956
48,12,-0.07616,1.41089,0.95631,-0.15489,13.81152,1.75341
48,12,-0.31155,1.10421,0.54017,-0.00171,11.76422,2.68781
48,12,-0.11396,1.29181,0.81362,-0.05629,11.59996,2.56235
49,15,0.0057,1.25898,0.6269,-0.04701,12.22483,2.38862
49,15,-0.33707,1.11084,0.57339,0.09999,13.81661,2.10419
49,15,-0.04768,1.21853,0.69565,-0.0787,14.00365,1.7343
49,15,-0.25306,1.04898,0.71637,-0.11331,14.30181,2.34448
49,15,-0.14163,1.32272,0.80941,-0.13436,14.59173,2.90353
49,15,-0.17142,1.1977,0.76889,0.08843,16.51631,2.20371
49,15,-0.38739,1.14708,0.73393,0.03233,13.18119,2.28781
49,15,-0.23138,1.25775,0.81304,-0.12349,15.17569,2.96712
49,15,-0.05457,1.32664,0.65241,-0.04509,11.51678,2.40363
49,15,-0.09556,1.21424,0.69087,0.11603,18.49679,3.36437
49,15,-0.27677,1.22466,1.02398,-0.02885,11.01503,1.92863
49,15,-0.12156,1.47787,0.73752,-0.00805,13.29281,2.43797
49,15,-0.31088,1.20713,0.68829,0.00861,15.53257,2.31636
49,15,0.04306,1.4148,1.02579,-0.0347,10.85893,1.84797
49,15,-0.22269,1.18576,0.7416,-0.07735,14.80573,2.64042
50,32,-0.28313,1.28424,0.80471,-0.09682,14.60938,2.28008
50,32,-0.12789,1.33557,0.84109,-0.07712,14.37565,3.39982
50,32,-0.08766,1.13028,0.89681,-0.05258,14.7366,1.48919
50,32,-0.16949,1.31723,0.81295,0.03762,10.23206,3.81968
50,32,-0.03249,1.3249,0.61287,0.1706,11.95681,2.70248
50,32,-0.2315,1.40942,0.78563,0.01315,10.23461,3.44023
50,32,-0.22087,1.14606,0.8247,0.05083,9.88139,2.73231
50,32,-0.15412,1.32821,1.06286,-0.01727,20.45052,3.25519
50,32,-0.1276,1.23772,0.75991,-0.01114,12.57017,2.84029
50,32,-0.32615,1.08659,0.84311,-0.10768,8.58301,1.97518
50,32,-0.12299,1.21797,0.86069,0.0962,10.81262,3.30221
50,32,-0.38838,1.26084,0.78928,-0.01661,9.82759,3.2321
50,32,-0.25832,1.36452,1.18901,0.108,11.02363,2.30137
50,32,0.12633,1.39225,0.55273,0.10626,8.53368,3.58428
50,32,-0.09549,1.32589,0.78559,-0.10107,15.73355,2.95176
50,32,-0.09903,1.20351,0.83583,0.03767,15.76685,2.86466
50,32,0.0154,1.14984,0.82162,0.00947,16.34858,2.80782
50,32,-0.13064,1.23516,0.67921,0.22156,14.52776,2.44615
50,32,-0.11901,1.2774,0.60284,0.00414,16.78207,3.71988
50,32,-0.15905,1.17806,0.92551,0.08954,15.69476,3.14399
50,32,0.09216,1.15466,0.86072,-0.0805,8.66311,2.00282
50,32,-0.03433,1.22635,0.6927,-0.02276,11.27035,1.67583
50,32,-0.14682,1.32909,0.81996,-0.05376,12.66677,1.33751
50,32,-0.07877,1.45875,0.84771,-0.04794,14.05158,2.14057
50,32,0.04585,1.22581,0.93903,-0.02753,14.93586,2.42361
50,32,-0.01646,1.09757,0.76697,-0.02754,6.51207,2.63895
50,32,-0.11093,1.08742,0.64215,-0.02597,12.06001,2.39492
50,32,-0.04941,1.31925,0.84427,0.00735,12.65042,1.59441
50,32,-0.02469,1.28948,0.63186,0.08137,12.44205,3.08378
50,32,-0.14763,1.0578,0.85796,0.03235,16.30264,1.79702
50,32,-0.15515,1.18028,0.84904,0.03258,7.31504,1.42791
50,32,-0.19067,1.17463,0.82237,-0.04932,14.49102,2.37759
51,26,-0.18406,1.21805,0.87006,-0.12447,19.29941,3.42123
51,26,-0.05638,1.14542,1.02011,-0.02786,16.33058,1.9628
51,26,0.06386,1.30142,0.66284,-0.09503,13.53103,3.00255
51,26,-0.23408,1.2483,0.77391,0.01922,11.91883,2.7374
51,26,-0.05119,1.01276,0.80359,-0.05158,12.18686,2.58022
51,26,-0.31784,1.22957,0.72964,0.01948,9.21191,2.64021
51,26,-0.21823,1.21323,0.7952,-0.00335,6.88388,1.58849
51,26,-0.07302,1.28563,0.60665,0.05892,17.79042,2.42106
51,26,-0.12832,1.17876,0.85682,0.01744,13.60801,2.11538
51,26,-0.46238,1.22723,0.75329,0.00759,9.92261,2.19612
51,26,-0.08735,1.10859,0.88626,-0.09391,14.07287,1.79439
51,26,-0.12226,1.26472,0.80087,-0.09086,9.50174,1.44924
51,26,-0.27626,1.2148,1.0446,-0.02126,16.04848,2.34947
51,26,-0.19739,1.42804,0.79035,0.02757,14.25904,3.15969
51,26,-0.08734,1.18916,0.97024,0.03285,13.5945,2.40207
51,26,-0.18478,1.38796,0.99579,-0.09252,18.67521,3.00191
51,26,-0.19113,1.05974,0.88059,-0.03968,11.8278,1.88853
51,26,-0.08632,1.23865,0.72914,0.02756,9.29465,2.59759
51,26,-0.16144,1.22519,0.7065,0.07264,12.48295,2.57364
51,26,-0.25793,1.11045,0.87913,0.04065,13.42217,2.77674
51,26,-0.03847,1.29126,0.76817,-0.00998,12.59562,2.43653
51,26,-0.18605,1.36449,0.93097,0.01465,11.54972,2.3344
51,26,-0.24608,1.28338,0.97389,0.0099,16.24474,1.20998
51,26,-0.00109,1.05107,0.61606,0.02201,15.9187,2.61387
51,26,-0.06204,1.30728,0.75596,0.05662,15.66967,1.93273
51,26,-0.16715,1.38093,0.818,0.01904,14.50541,3.92862
52,14,-0.03319,1.3521,0.83999,-0.03472,14.23081,1.45627
52,14,0.13616,1.15255,0.81471,-0.00035,9.19167,2.59903
52,14,-0.18208,1.52227,0.83945,-0.05534,12.63256,2.11444
52,14,-0.11263,1.24648,0.87211,0.01519,15.76345,2.85385
52,14,-0.09775,0.96915,0.84741,0.12562,12.96749,1.80654
52,14,-0.2613,1.39814,0.85313,-0.05487,8.19147,2.85547
52,14,-0.09288,1.30158,0.75869,-0.16187,13.52305,1.0432
52,14,-0.17771,1.36468,0.65088,0.10696,10.18308,1.93954
52,14,-0.04413,1.05169,1.09514,-0.15617,10.29384,2.34771
52,14,-0.02583,1.31803,0.64509,0.01255,12.06043,2.25556
52,14,-0.32731,1.25056,0.8955,-0.05212,14.81757,2.97168
52,14,0.01647,1.02768,0.6562,-0.0681,10.39194,2.41633
52,14,0.14534,1.15838,0.93891,0.0527,7.76616,2.93947
52,14,-0.19983,1.03781,0.71026,-0.03579,8.54015,2.80493
53,21,-0.20858,1.49842,0.90536,0.14323,7.22781,1.78145
53,21,0.02113,1.11768,0.6854,-0.16383,12.00603,1.04425
53,21,-0.11001,1.15443,0.86693,0.03896,10.10592,1.96453
53,21,-0.07392,1.32456,0.89465,-0.02932,12.92603,1.97317
53,21,-0.05054,1.21257,0.90829,0.07376,13.57301,3.28337
53,21,-0.10289,1.13025,1.11354,0.00646,11.92637,3.03131
53,21,-0.17018,1.21796,0.85347,-0.11481,13.91408,2.32781
53,21,-0.0976,1.06312,0.65184,0.14693,12.15232,2.79018
53,21,-0.00509,1.24228,0.97488,-0.04349,6.81388,2.57211
53,21,-0.08632,1.05496,0.79625,0.02828,10.28344,1.75555
53,21,-0.08578,1.2462,0.88817,-0.12852,10.04232,1.64306
53,21,-0.17503,1.356,1.07836,-0.11333,10.50136,3.79201
53,21,-0.24451,1.02043,0.765,-0.05779,16.8822,2.78201
53,21,-0.05019,1.21437,0.77789,0.04981,11.68036,3.1992
53,21,-0.16847,1.08281,0.73779,-0.08474,10.41021,3.09647
53,21,-0.33268,1.1236,0.95951,-0.11064,10.42658,3.39987
53,21,-0.17681,1.32694,0.69973,0.07325,13.89941,2.61738
53,21,-0.15891,1.36653,0.60318,-0.06089,16.52287,2.11344
53,21,0.05161,1.38174,0.77232,-0.06494,10.8243,2.81729
53,21,-0.15279,1.05462,0.75445,-0.17225,12.82034,3.07358
53,21,-0.07089,1.38741,0.82138,0.01565,10.97596,2.29167
54,30,-0.3073,1.15883,0.70169,-0.12593,12.34564,1.14656
54,30,-0.24576,1.34287,0.92921,0.06562,13.44924,1.65865
54,30,-0.20747,1.23363,0.82351,0.02136,14.09131,1.74653
54,30,-0.34949,1.16087,0.48905,-0.02917,17.14408,3.04811
54,30,0.04511,1.31004,0.49007,-0.17406,10.58035,2.00496
54,30,-0.09485,1.14629,0.72037,-0.11993,12.94914,2.17871
54,30,0.00521,1.41256,0.83908,-0.07376,6.22378,2.56337
54,30,-0.18088,1.24435,0.83604,0.03855,13.79725,2.04573
54,30,-0.22803,1.22508,0.61225,-0.05913,6.16207,2.99632
54,30,-0.2728,1.31697,0.91095,-0.01542,12.89813,1.18467
54,30,-0.09897,1.30254,0.78656,-0.08254,15.59025,3.47498
54,30,-0.30195,1.3125,0.72784,-0.08315,12.77945,2.66298
54,30,-0.15446,1.1874,0.83476,0.00068,12.29426,1.75706
54,30,-0.05449,1.09407,0.8019,0.01801,13.96093,2.57605
54,30,0.04949,1.18624,0.94758,-0.07242,9.93279,2.68269
54,30,-0.17387,1.32612,0.8123,-0.10701,8.64904,2.74442
54,30,-0.02694,1.20802,0.93839,-0.11596,13.15273,2.09696
54,30,-0.13994,1.30709,0.86499,0.08902,14.16777,2.38304
54,30,-0.08124,1.24538,0.84611,0.05265,13.51327,2.65999
54,30,-0.09851,1.18191,0.6854,0.06815,11.88786,1.69089
54,30,-0.27752,1.32168,0.88947,-0.00981,12.39793,2.3358
54,30,-0.31839,1.26427,0.62743,-0.07062,14.19382,2.62826
54,30,-0.08371,1.26347,0.82526,-0.12686,15.41181,3.62005
54,30,-0.18404,1.12819,1.13695,-0.10762,15.83439,2.64087
54,30,-0.10845,1.18593,0.6775,-0.01113,16.61609,2.52555
54,30,-0.03297,1.22163,1.06345,-0.07192,9.77567,2.96352
54,30,0.04373,1.21536,1.07043,-0.09181,11.40956,3.16193
54,30,-0.29098,1.12503,0.85511,-0.13781,11.90265,2.20506
54,30,-0.05026,1.25232,0.87743,0.02511,11.23792,2.51324
54,30,-0.20853,1.19989,0.73548,-0.16396,13.43251,4.05776
55,16,-0.23599,1.18059,0.76272,-0.00362,12.17858,2.40191
55,16,-0.14738,1.10835,0.96411,-0.08078,11.07658,2.29828
55,16,-0.07699,1.14171,1.13773,-0.22198,12.32357,3.15764
55,16,-0.23444,1.25528,0.76514,0.01024,15.38569,2.70742
55,16,-0.21494,0.98287,0.83117,-0.04404,12.38208,2.8212
55,16,-0.03433,1.27767,0.70154,0.01283,13.60916,2.22762
55,16,-0.29122,1.24925,0.99958,0.11388,12.753,2.12216
55,16,0.06896,1.34139,1.02,0.09361,9.99872,2.34115
55,16,-0.16028,1.12884,0.80207,-0.01805,10.33831,2.10034
55,16,-0.37599,1.09188,0.80642,0.03635,15.73207,1.53024
55,16,-0.05245,1.08919,0.82048,0.03227,10.62791,2.37375
55,16,-0.10165,1.22302,0.99698,-0.05176,13.20879,2.0186
55,16,0.07611,1.40952,0.74976,-0.00176,14.82154,3.81586
55,16,-0.27145,1.29626,0.83119,0.00461,15.3012,2.91393
55,16,0.06049,1.25835,0.83314,0.0124,12.69847,2.7453
55,16,-0.22478,1.21726,0.35727,-0.06496,18.13044,1.26926
56,28,-0.24122,1.51054,0.67357,0.09614,11.87042,1.49107
56,28,0.09833,1.15541,0.73214,0.06391,11.3516,2.33333
56,28,-0.18328,1.15179,1.03578,0.0114,18.17104,1.91473
56,28,0.01499,1.30896,0.83249,0.08956,14.3051,3.09693
56,28,-0.2532,1.23745,0.86239,-0.08244,18.82384,2.29076
56,28,0.04994,1.22611,1.0613,-0.0847,17.95917,1.71173
56,28,-0.24907,1.33121,0.90972,-0.04716,12.0003,1.994
56,28,-0.18664,1.11272,0.77173,-0.0038,14.70783,2.49543
56,28,-0.12115,1.4526,0.79714,0.00463,8.79053,2.50204
56,28,0.03354,1.09394,0.66946,-0.09455,14.27643,2.7636
56,28,-0.1031,1.16955,0.74252,-0.06452,15.39729,2.9613
56,28,-0.17124,1.24042,0.79493,0.0026,14.65707,3.03087
56,28,0.19184,1.303,0.68747,-0.19203,14.99638,3.04033
56,28,-0.30604,1.09409,0.84309,0.11981,11.16401,1.63431
56,28,0.10594,0.99205,0.98761,-0.08595,13.04478,3.19369
56,28,-0.23918,1.34516,0.54075,-0.14379,20.67588,2.66702
56,28,-0.07041,1.12839,1.03967,0.1018,18.51385,3.32041
56,28,-0.07965,1.20807,0.98298,0.04911,16.06218,2.82986
56,28,-0.07717,1.10362,0.6482,-0.02532,14.90484,2.20883
56,28,-0.18166,1.21167,0.72738,0.02645,16.34155,2.72334
56,28,0.06996,1.14193,0.78732,0.05386,10.49641,1.1372
56,28,-0.16629,1.13343,0.66642,-0.01745,14.04327,2.12757
56,28,-0.24286,1.31155,0.93086,0.04785,11.29072,2.4109
56,28,-0.28566,1.21001,0.82331,0.01514,10.81269,2.16376
56,28,-0.12713,1.22456,0.89519,-0.07996,13.53611,2.26783
56,28,-0.16035,1.16491,0.68132,-0.06345,15.33132,2.49115
56,28,-0.06121,1.27781,0.94353,0.12629,14.8175,2.13391
56,28,-0.2089,1.30392,0.54903,-0.03229,8.6828,1.16181
57,19,-0.14123,1.1475,0.81921,0.04763,14.21822,2.3398
57,19,-0.10692,1.25202,0.85572,0.15437,11.18054,1.887
57,19,-0.31306,1.21605,0.9137,-0.06655,11.45804,3.29913
57,19,-0.29616,1.11097,0.65408,0.03539,9.21419,2.98217
57,19,-0.43939,1.14897,0.61629,0.01095,14.72539,2.07171
57,19,-0.33898,1.36474,1.03593,-0.09854,14.15335,2.13547
57,19,-0.2985,1.28331,0.8177,0.01741,15.23393,2.31824
57,19,-0.12751,1.2365,0.84074,-0.04882,19.86187,2.97687
57,19,-0.20763,1.18736,0.99464,-0.01184,9.8449,2.64317
57,19,-0.08619,1.0386,0.91917,-0.02901,15.87791,4.1748
57,19,0.08223,1.1746,0.70155,0.12003,12.56934,2.5597
57,19,-0.25585,1.28384,0.88603,-0.12361,9.07426,3.57066
57,19,-0.08263,1.37098,0.70467,0.05547,11.44735,2.00784
57,19,-0.09274,1.19863,0.70151,0.13278,8.4316,2.04046
57,19,-0.20041,1.54121,0.73769,0.05819,10.8774,2.61168
57,19,-0.01436,1.2182,0.79863,0.04884,13.17576,3.8156
57,19,0.05293,1.095,0.7256,-0.16737,14.00899,2.11099
57,19,-0.02426,1.47491,0.91229,-0.06948,8.066,2.92028
57,19,-0.48834,1.26853,0.63069,0.03429,17.80779,2.53066
58,14,-0.04283,1.26241,0.79898,0.02823,9.38988,3.4338
58,14,-0.22639,1.19492,0.98763,-0.10111,14.71653,1.68078
58,14,-0.20018,1.12514,0.95771,-0.00274,15.94794,2.15756
58,14,-0.2095,1.18201,0.84634,0.0927,11.22963,2.96353
58,14,0.08875,1.24438,0.73161,0.04463,17.473,2.98146
58,14,-0.21589,1.01941,0.79599,0.07034,14.67082,2.83
58,14,-0.33643,1.13864,0.77739,0.20629,10.5434,2.34277
58,14,-0.11021,1.15948,0.82728,0.06774,13.83598,2.27096
58,14,-0.30612,1.45409,0.71216,0.02435,7.50305,2.90122
58,14,-0.13044,1.21727,0.87918,0.02235,8.96141,2.76306
58,14,0.08097,1.28184,0.74005,0.03063,13.36221,2.17321
58,14,-0.33176,1.12585,1.15226,0.06356,14.57269,2.41022
58,14,-0.23058,1.23891,0.9475,0.00609,16.56952,2.1384
58,14,-0.26975,1.07798,0.99834,-0.0798,10.1078,1.85387
59,29,-0.2921,1.33909,0.95733,-0.02805,10.76303,2.77968
59,29,-0.04208,1.31439,0.71915,0.06332,13.16124,3.12738
59,29,-0.3254,1.20869,0.8333,-0.03534,13.06917,1.70114
59,29,-0.04743,1.19439,0.87257,0.05255,14.40783,2.08617
59,29,-0.21401,1.30141,0.86976,-0.02534,11.46226,1.83997
59,29,-0.25038,1.23175,0.92351,0.08207,11.20856,2.49065
59,29,-0.06804,1.18983,0.6737,-0.04613,13.98377,2.51866
59,29,-0.11441,1.25726,0.90699,0.07627,12.62752,2.61085
59,29,-0.19123,1.31254,0.93093,-0.02391,15.57571,3.32363
59,29,-0.19902,1.1317,0.97533,0.02923,15.23249,3.01668
59,29,-0.0993,1.26479,0.5554,-0.03832,12.78084,2.91096
59,29,-0.32759,1.16508,0.95266,-0.04071,17.80798,3.04351
59,29,0.0351,1.22207,0.70161,-0.08673,8.64258,2.65251
59,29,-0.09858,1.1209,0.9732,0.03479,11.6311,3.20356
59,29,-0.08456,1.19153,0.70433,0.05912,15.27591,2.39435
59,29,0.01194,1.26103,1.17866,-0.06127,6.57343,2.55554
59,29,0.14808,1.33535,0.77813,0.04269,13.4939,2.47634
59,29,-0.04236,1.21298,0.78909,0.06012,10.79121,1.92566
59,29,-0.26815,1.33539,0.76498,0.03645,18.73114,2.18401
59,29,-0.21664,1.2011,0.78618,-0.04306,11.52854,1.67796
59,29,-0.36877,1.23871,0.68738,0.1365,13.24337,3.00516
59,29,-0.26487,1.23932,0.9151,-0.04493,12.1751,2.57865
59,29,-0.08262,1.19619,0.81971,0.12631,12.15703,2.47819
59,29,-0.12342,1.2017,0.78046,0.03252,16.15033,2.23139
59,29,-0.07807,1.30323,0.8804,-0.03965,13.76308,2.29165
59,29,-0.11334,1.11311,0.75021,0.02199,11.00713,2.68385
59,29,-0.16736,1.31232,0.77978,0.06428,14.15873,2.99038
59,29,-0.04777,1.13799,0.66074,-0.0305,14.1414,3.00223
59,29,-0.27133,1.23369,0.77632,0.04163,13.6365,1.83242
60,15,-0.29266,1.32194,0.81356,-0.11819,9.49492,3.92887
60,15,-0.34455,1.27291,1.09082,-0.0284,13.30261,1.59939
60,15,-0.01814,1.24181,0.82105,0.00552,8.59402,2.08321
60,15,-0.12011,1.11636,0.86547,-0.00882,11.97115,2.74502
60,15,-0.19663,1.23289,0.80557,-0.07712,11.65124,1.86132
60,15,-0.14025,1.30482,0.84307,-0.0693,12.4577,1.90979
60,15,0.01984,1.14003,0.76342,0.10345,10.99827,2.07792
60,15,0.03608,1.39383,0.82332,0.0076,12.85418,2.41183
60,15,-0.17087,1.26958,0.74183,-0.05934,12.436,2.33141
60,15,-0.01354,1.2544,0.84141,0.07106,12.40162,1.94058
60,15,-0.05491,1.04098,0.74899,-0.08935,12.50807,2.55897
60,15,-0.11791,1.27401,1.16024,-0.15344,14.24887,2.46617
60,15,-0.072,1.15401,0.82539,0.02219,9.45207,2.73989
60,15,-0.03342,1.35117,0.58034,0.0151,15.87285,2.431
60,15,-0.20952,1.2193,0.61233,-0.00248,7.6623,1.93174
61,18,0.04328,1.18016,0.8127,0.12223,12.81339,3.02753
61,18,-0.43908,1.16988,0.65252,-0.00963,7.44499,2.21832
61,18,-0.28784,1.27475,0.94039,0.08477,12.97497,1.86322
61,18,-0.13909,1.0749,0.47131,0.04689,14.87023,2.3127
61,18,-0.05019,1.26647,0.83129,0.15399,13.13512,2.92565
61,18,-0.24711,1.00144,0.92184,-0.05944,12.86059,3.01349
61,18,-0.36254,1.26637,0.78916,0.01807,10.33763,1.92799
61,18,-0.19095,1.1357,0.97656,0.02322,7.92225,3.20237
61,18,-0.17101,0.99241,0.96063,-0.04374,9.20827,1.43388
61,18,-0.00999,1.14855,0.84085,-0.02715,14.78945,2.90257
61,18,-0.13242,1.08534,0.92885,0.08419,7.52429,2.61553
61,18,-0.12619,1.0873,0.75683,0.00258,17.67579,2.92748
61,18,-0.25182,1.18098,0.83408,0.00918,14.1849,2.34179
61,18,-0.43543,1.14448,0.76035,-0.08542,11.69731,3.49805
61,18,-0.03333,1.18269,0.95066,0.13537,12.46044,3.08421
61,18,-0.13603,1.29796,0.72731,-0.02207,11.8147,3.68831
61,18,-0.27532,1.43871,0.78167,-0.07396,14.8045,1.58802
61,18,-0.09247,1.34078,0.87231,0.09648,14.90421,2.73245
62,31,-0.10798,1.16716,0.6166,-0.12841,12.5672,1.12002
62,31,-0.32558,1.24799,0.66084,0.09539,11.21756,3.21067
62,31,-0.05099,1.28146,0.8931,0.01533,8.40191,1.59808
62,31,-0.01692,1.22718,0.56129,-0.08246,10.78572,1.63782
62,31,-0.0291,1.30081,1.01797,-0.03203,12.31684,2.23939
62,31,-0.03815,1.21415,0.72832,-0.00169,17.54618,2.62976
62,31,-0.2215,1.14298,0.69156,-0.05945,12.70672,2.14574
62,31,-0.2154,1.32606,0.94271,-0.07706,18.36101,1.5419
62,31,-0.19393,1.09222,0.92816,-0.0981,17.38784,3.03107
62,31,-0.04038,1.20308,0.87141,0.20169,13.69757,2.68056
62,31,-0.0143,1.30151,0.88357,-0.00475,16.09336,2.7808
62,31,-0.10521,1.14707,0.90599,0.08907,13.90478,2.6784
62,31,-0.05155,1.26978,0.90741,-0.01442,14.39182,1.80746
62,31,-0.20939,1.25677,0.69334,0.13511,12.22107,1.81013
62,31,-0.09779,1.17292,0.66278,-0.02539,15.87717,2.98876
62,31,-0.25174,1.28626,1.02169,-0.11397,12.43246,2.72032
62,31,-0.34479,1.06108,0.88567,0.00893,20.0573,2.48316
62,31,-0.34031,1.21407,0.88741,-0.00874,15.06642,2.15721
62,31,-0.17793,1.16402,0.91646,0.07089,11.63789,2.32089
62,31,-0.35823,1.31642,0.70147,0.01605,9.44432,2.86757
62,31,-0.25709,1.24629,0.79222,-0.0259,10.82177,1.88567
62,31,-0.09355,1.15838,0.87702,-0.06558,16.01884,3.36611
62,31,0.07427,1.11533,0.75547,-0.07936,10.13901,3.58951
62,31,-0.10929,1.29373,0.96425,0.00609,8.81622,2.36066
62,31,-0.20385,1.32812,0.80254,0.1714,12.05047,2.57418
62,31,-0.41704,1.45965,0.87543,-0.04511,13.29363,3.24818
62,31,0.14466,1.15011,0.92791,-0.15267,15.06511,3.38165
62,31,-0.13452,1.3189,1.05079,0.04996,16.5376,1.462
62,31,-0.20345,1.34761,1.07164,0.21329,14.74583,3.40167
62,31,-0.22479,1.33552,0.60895,0.04264,8.36699,2.7566
62,31,-0.30442,1.13284,0.90834,-0.01467,12.92712,3.04412
63,31,-0.07873,1.24099,0.9904,-0.03445,10.3952,4.22073
63,31,-0.21195,1.09796,0.73702,0.18745,18.21909,2.93906
63,31,-0.09494,1.00163,0.65769,0.11998,13.3653,2.68371
63,31,0.01263,1.01244,0.90215,0.11513,9.75861,3.07928
63,31,-0.13545,1.22226,0.99142,0.07288,13.10724,1.17062
63,31,-0.17846,1.22672,1.11654,0.09467,13.78593,2.70146
63,31,-0.20284,1.34739,0.47949,-0.06045,10.08845,2.66599
63,31,-0.10989,1.33946,0.63377,-0.01935,8.17877,2.45826
63,31,-0.26303,1.20454,0.67575,-0.06622,12.3052,2.81329
63,31,-0.23565,1.15148,0.4115,-0.00932,14.93384,1.43439
63,31,-0.03285,1.14037,0.85935,0.07095,7.00814,2.04693
63,31,-0.0415,1.02277,0.9741,-0.01887,13.68796,1.87345
63,31,-0.0632,1.27617,0.83956,0.07867,13.50928,2.11488
63,31,-0.22197,1.29126,0.77468,0.08368,11.05279,3.36401
63,31,-0.08754,1.26523,0.76394,0.06409,9.06908,3.35384
63,31,0.01883,1.25673,0.88278,-0.0676,12.24487,1.80592
63,31,-0.0955,1.16886,0.79107,0.01946,11.76985,2.53965
63,31,-0.04108,1.29269,0.72821,0.01105,10.05607,0.95294
63,31,-0.00374,1.27842,0.64616,-0.13729,13.93077,2.31614
63,31,-0.1865,1.08957,1.0223,-0.06143,14.34964,3.45555
63,31,-0.21483,1.20274,0.70793,-0.12917,16.59327,3.22774
63,31,-0.19913,1.17104,0.65595,0.02091,14.083,3.03807
63,31,-0.24145,1.23387,0.88273,-0.10518,9.65163,1.60133
63,31,0.01235,1.17842,0.97746,-0.07889,15.46531,3.04343
63,31,-0.12703,1.36652,0.70112,-0.0635,16.95249,2.35586
63,31,0.07367,1.2854,0.80329,-0.13668,13.55734,2.06074
63,31,-0.21358,1.25882,0.74096,-0.07947,12.92642,2.44001
63,31,-0.06992,1.14951,0.90127,-0.02519,16.89263,2.64243
63,31,-0.08886,1.23239,0.75326,-0.02426,10.37477,3.16163
63,31,-0.17163,1.16663,0.80161,-0.10833,7.20122,2.51182
63,31,-0.33021,1.26992,1.02139,-0.09447,9.48356,2.32956
64,28,-0.21586,1.24328,0.87918,-0.03892,14.35799,3.23195
64,28,-0.35573,1.15126,0.78508,0.02214,15.13818,2.26064
64,28,-0.06771,1.22045,0.90373,0.08937,9.79326,1.72124
64,28,-0.41176,1.18568,1.07822,0.11341,14.65105,3.00328
64,28,-0.02948,1.20992,0.58893,0.12397,14.55278,1.73194
64,28,-0.186,1.15693,0.93609,-0.05099,7.36675,2.63888
64,28,-0.33531,1.21401,0.79527,-0.09066,11.33302,2.30096
64,28,-0.23989,1.1498,0.6512,-0.03175,11.90882,1.59541
64,28,-0.21871,1.29409,0.63669,-0.02782,10.39361,2.61141
64,28,-0.29549,1.33139,0.81812,-0.01069,10.7524,2.67352
64,28,-0.09407,1.11377,0.74458,0.0162,12.05962,2.7594
64,28,-0.05714,1.3996,0.91313,-0.05214,13.71145,2.27809
64,28,-0.09833,1.25347,1.0983,0.02377,16.48399,2.28319
64,28,-0.08924,1.28868,0.89613,0.08781,16.40447,3.15951
64,28,-0.27356,1.24593,1.05764,0.17968,18.19531,2.53555
64,28,-0.20695,1.32809,0.70496,-0.02086,11.37014,2.68757
64,28,-0.10147,1.21224,0.6873,-0.05617,22.57035,1.6802
64,28,0.02526,1.1434,0.74007,0.0726,16.58342,2.77496
64,28,-0.21308,1.34303,0.83376,-0.10827,12.78672,1.92245
64,28,-0.48608,1.3113,0.65825,-0.08452,9.60643,2.19544
64,28,-0.04487,1.14648,0.85961,-0.03912,14.77852,2.58071
64,28,0.0135,1.14508,0.81688,-0.09708,10.26355,3.56713
64,28,-0.41495,1.2381,0.74823,0.03839,14.32552,2.1519
64,28,-0.11385,1.34434,0.84223,-0.12372,18.28254,1.99416
64,28,-0.07715,1.46475,0.82761,0.01244,13.61844,4.26617
64,28,-0.25032,1.2002,0.92813,0.08784,13.68382,2.83321
64,28,-0.25579,1.14153,0.45626,0.05569,13.31522,2.47415
64,28,-0.17542,1.23675,0.60501,-0.0635,13.94544,2.61795
65,29,-0.05641,1.29171,0.70014,-0.11925,16.19192,1.99068
65,29,0.10484,1.38075,0.75953,-0.01416,13.88208,1.94185
65,29,-0.14909,1.16361,1.10179,0.04003,11.74684,3.01409
65,29,-0.28588,1.18962,1.0424,-0.06062,15.17231,1.70767
65,29,-0.00837,1.38191,0.63767,-0.03918,12.72962,2.09849
65,29,-0.15094,1.15346,1.03628,0.03971,14.59919,1.78946
65,29,-0.19852,1.24688,0.84592,-0.01382,12.63267,1.88865
65,29,-0.58835,1.11229,0.90316,-0.03132,9.39207,1.79084
65,29,-0.05531,1.17656,0.89181,-0.05949,12.04678,2.77458
65,29,-0.17849,1.40293,0.60524,-0.08116,11.47478,2.23945
65,29,-0.11558,1.09431,0.84418,0.12894,14.03721,1.87983
65,29,-0.00863,1.26537,0.80291,0.1048,12.43059,2.44938
65,29,-0.03738,1.13156,0.76317,0.0424,7.19787,2.16213
65,29,-0.13546,1.40232,0.89518,0.08177,13.36973,1.446
65,29,-0.14305,1.36263,0.93862,-0.10217,16.84335,1.87874
65,29,-0.17731,1.2696,0.813,-0.06618,10.77337,2.70039
65,29,0.03147,1.33097,0.65641,0.1148,14.40789,2.64894
65,29,-0.12691,0.98323,0.82133,-0.09302,14.24594,2.7256
65,29,-0.21148,1.26269,1.05875,-0.03177,14.80533,3.02673
65,29,-0.04734,1.1815,0.67283,0.03719,17.25718,3.34663
65,29,-0.26641,1.09958,0.54333,-0.01059,16.82965,1.7064
65,29,-0.20911,1.08899,1.13561,-0.03377,16.02927,1.88749
65,29,-0.07469,1.16972,0.91703,0.06185,11.43171,2.00139
65,29,-0.04714,1.38534,0.7043,-0.10495,15.32088,2.39453
65,29,-0.00883,1.1,0.73207,0.07593,9.13427,2.97994
65,29,-0.147,1.24412,0.65372,-0.00474,12.47623,2.02002
65,29,-0.19485,1.02368,1.12483,-0.01068,8.545,2.66763
65,29,-0.1301,1.47566,1.05908,0.01385,8.82643,2.84616
65,29,0.03394,1.32702,0.73274,-0.00349,14.84927,2.03628
66,35,-0.07,1.23694,0.69221,-0.0498,11.32323,2.5748
66,35,-0.21447,1.16536,0.89738,-0.14677,14.51623,2.55667
66,35,0.10272,1.23629,0.86522,-0.1033,14.21379,3.52788
66,35,-0.12043,1.28843,0.71134,-0.00103,14.29601,3.2488
66,35,-0.10927,1.22118,0.76511,-0.05279,10.15857,2.32865
66,35,-0.11368,1.23731,0.86683,0.09684,7.94543,1.67099
66,35,-0.11754,1.20807,0.77105,0.07749,10.52547,2.55461
66,35,-0.09141,1.13149,0.81358,-0.10579,12.68809,3.0101
66,35,-0.06549,1.106,0.61587,-0.15652,7.72838,3.01823
66,35,-0.13547,1.15972,0.85453,-0.05642,7.68151,2.70739
66,35,-0.29966,1.16943,0.7092,-0.09165,14.56334,2.58943
66,35,0.05288,1.23938,0.77062,-0.03876,13.99838,2.54253
66,35,-0.20586,1.26397,0.79763,-0.00161,13.0225,3.02874
66,35,-0.04259,1.31694,0.91602,0.003,12.19484,2.06878
66,35,-0.32921,1.35898,0.80042,-0.0245,6.80353,2.52638
66,35,0.01839,1.17441,1.20652,0.04936,12.97672,1.53095
66,35,0.05182,1.14273,0.78267,0.10819,11.8125,3.18106
66,35,-0.18337,1.1679,0.6035,-0.0565,12.78124,2.16387
66,35,0.02566,1.29585,0.95062,-0.04326,6.80618,2.15449
66,35,-0.20761,1.3151,0.82238,-0.06864,16.82258,1.9533
66,35,-0.03341,1.21517,0.64613,-0.07815,15.43227,1.76436
66,35,0.04155,1.27931,0.85729,-0.04957,12.83571,2.19889
66,35,-0.31235,1.17492,0.76637,0.07349,11.87247,3.09479
66,35,-0.03947,1.42845,0.67415,0.05991,9.28954,2.36958
66,35,-0.08985,1.29859,0.75466,0.10516,13.04496,3.03696
66,35,-0.24116,1.34425,0.86744,-0.05948,18.50408,2.46185
66,35,-0.03228,1.13265,0.64432,0.0557,20.08384,3.51259
66,35,-0.16312,1.41789,0.94157,-0.09983,12.01078,2.60891
66,35,-0.28488,1.17064,0.89051,0.01083,11.7937,2.13803
66,35,0.20587,1.40639,0.50133,0.04501,16.2946,2.35729
66,35,0.04426,1.21748,0.85319,0.10047,10.66674,1.70514
66,35,-0.265,1.22143,0.77289,-0.1096,11.31701,3.17853
66,35,-0.16926,1.09586,0.86852,-0.0391,10.04617,2.32152
66,35,-0.07909,1.19533,0.87792,-0.08129,10.48666,2.86036
66,35,-0.24442,1.20509,0.85597,-0.10053,20.68758,3.27148
67,20,-0.19977,1.26373,0.87092,0.00992,11.56047,2.34031
67,20,-0.18301,1.10496,0.85963,-0.03673,14.77682,3.45429
67,20,-0.0187,1.54768,0.75232,-0.02198,10.39975,1.82524
67,20,-0.08526,1.33351,0.88369,0.01996,9.44521,3.01175
67,20,0.07937,1.27717,0.72838,-0.02103,17.17465,2.34715
67,20,-0.19255,1.25753,0.70364,-0.02743,7.60186,2.6238
67,20,-0.27993,1.33812,0.81746,0.01911,18.32117,3.85719
67,20,-0.12155,1.13063,0.64717,0.11079,16.89865,2.63415
67,20,-0.41666,1.29842,1.03986,0.01694,14.77015,2.03028
67,20,-0.253,1.08159,0.83208,-0.01036,13.4214,2.55311
67,20,-0.03871,1.22548,0.61694,0.01034,11.13121,2.93762
67,20,-0.0301,1.53737,0.97724,-0.07214,10.97548,2.03013
67,20,-0.25216,1.14977,0.83526,0.00842,15.01167,2.8609
67,20,0.00666,1.24657,0.91499,-0.10145,15.71291,2.54659
67,20,-0.19947,1.30294,0.71348,0.00579,14.57119,3.00516
67,20,-0.17121,1.48112,0.69775,-0.01888,11.82816,2.82753
67,20,-0.10603,1.24307,0.95812,0.10766,12.95447,2.01063
67,20,-0.27004,1.2455,0.91235,0.16422,14.18569,2.28146
67,20,-0.02637,1.39073,0.57074,-0.02092,16.59643,1.87122
67,20,-0.10457,1.43402,0.90588,0.05689,19.37432,2.56466
68,16,-0.00587,1.15058,0.90881,-0.07834,16.16956,2.68981
68,16,-0.23977,1.37761,0.78879,-0.12193,10.45225,2.99471
68,16,-0.1385,1.24417,0.83842,-0.081,10.13562,1.29334
68,16,-0.07657,1.13232,1.05344,-0.01444,9.35111,2.97633
68,16,-0.20628,1.12472,0.72279,-0.09836,18.82745,2.88737
68,16,-0.28625,1.45782,0.90367,0.0379,12.45048,2.01089
68,16,-0.28094,1.38419,0.67868,0.14248,13.91754,3.04455
68,16,-0.10421,1.24236,0.89248,0.02951,13.10286,3.18818
68,16,-0.09133,1.13624,0.70716,0.0108,11.06395,2.44752
68,16,-0.23074,1.1796,0.84563,0.00115,15.27012,2.75777
68,16,0.11193,1.11907,0.71573,-0.03573,10.85684,2.4788
68,16,-0.17285,1.13307,1.04941,-0.03564,12.37113,3.04118
68,16,-0.18652,1.2219,0.83138,-0.01395,11.82212,2.76956
68,16,-0.02866,1.2601,0.8224,-0.06954,13.76677,2.50848
68,16,0.05452,1.10261,0.82526,0.01223,13.27748,2.18282
68,16,-0.07738,1.4005,0.7973,-0.14085,12.48096,2.58304
69,17,-0.11511,1.41267,0.71032,0.02736,12.59809,2.4242
69,17,-0.14715,1.25409,0.84395,0.13066,8.3395,2.46188
69,17,-0.37839,1.10172,0.70563,0.07836,13.54236,3.12754
69,17,-0.11201,1.20029,0.78609,0.05314,17.10737,3.29826
69,17,-0.2166,1.42525,0.59202,0.00942,6.99787,2.54957
69,17,-0.13685,1.37883,0.79492,-0.03718,12.80171,2.13181
69,17,-0.27821,1.0372,0.9721,0.08077,11.91153,1.81519
69,17,-0.28753,1.21699,0.95413,0.07315,13.73793,2.53877
69,17,-0.04214,1.17678,0.95511,0.03347,11.21347,2.37464
69,17,-0.02059,1.2856,0.71421,-0.11907,13.48141,2.74379
69,17,-0.06581,1.11948,0.78854,-0.01173,9.5021,2.5856
69,17,-0.06919,1.27942,0.65567,-0.05132,13.25151,2.59009
69,17,-0.17055,1.24848,0.85265,0.03409,12.07562,2.11814
69,17,0.00697,1.08026,0.71905,-0.03185,10.49883,2.42315
69,17,-0.32369,1.31693,0.77875,-0.06101,9.59087,2.40047
69,17,-0.02184,1.23677,0.8534,-0.04183,19.23917,2.99399
69,17,-0.11438,1.16044,0.7701,0.00123,17.19633,1.24402
70,32,0.03726,1.51854,0.88871,-0.03085,12.76936,2.19117
70,32,-0.21326,1.30122,0.55731,0.06449,12.14069,2.73603
70,32,-0.3051,1.01186,0.81255,0.00718,12.99106,1.31817
70,32,0.04451,1.23373,0.82217,-0.06654,14.47899,2.96664
70,32,-0.11566,1.40463,0.68764,0.02297,11.46585,2.29855
70,32,0.06435,1.26536,0.82885,0.01229,16.62323,2.58621
70,32,-0.18024,1.13531,0.6731,-0.02151,11.78863,3.11989
70,32,-0.22635,1.16163,0.76803,0.03565,8.77072,3.03245
70,32,-0.00838,0.99563,0.91498,-0.16287,14.54177,1.09671
70,32,-0.1985,1.29001,0.85021,-0.09681,15.38633,2.06575
70,32,-0.25171,1.07428,0.91495,0.08626,10.75357,2.53127
70,32,-0.1507,1.13697,0.6445,-0.04345,13.30203,1.55999
70,32,-0.54752,1.17891,0.88771,0.03062,13.89327,3.17293
70,32,-0.23284,1.49878,1.15708,0.09163,14.32252,2.96808
70,32,-0.04366,1.27468,0.72832,0.16608,15.19557,2.17224
70,32,-0.06072,0.99794,0.87336,-0.05582,20.06435,1.26267
70,32,-0.31328,1.32331,0.81654,-0.11317,12.84314,3.03185
70,32,0.07816,1.18888,0.84093,0.15026,13.83133,2.41373
70,32,0.00256,1.3084,0.83936,0.08287,12.53226,2.85054
70,32,-0.18268,0.94833,1.01184,0.00145,13.51574,2.49635
70,32,-0.12119,1.28593,1.0276,-0.05648,11.79227,1.70804
70,32,-0.15713,1.3155,0.81101,0.03048,12.87755,2.36646
70,32,-0.03088,1.22064,0.66285,-0.14608,7.12065,1.6034
70,32,-0.16893,1.20699,0.90666,0.08762,13.18109,2.06656
70,32,-0.05217,0.98765,0.8883,0.03207,11.77492,2.7187
70,32,0.12329,1.17766,0.8953,-0.01766,10.83261,1.54823
70,32,-0.11871,1.33364,0.91655,-0.08205,13.88852,2.68635
70,32,-0.06468,1.14609,1.10951,0.09431,4.93928,1.28173
70,32,-0.13128,1.42075,0.90914,0.03154,12.37326,3.26204
70,32,-0.0236,1.26364,0.81003,0.07858,14.73931,1.88804
70,32,-0.04873,1.09816,1.0123,-0.02611,17.25587,2.96654
70,32,-0.04931,1.02225,0.83971,0.0744,18.41073,1.82071
71,17,-0.01812,0.9825,0.7466,-0.00763,14.37718,2.0086
71,17,-0.36215,1.03028,0.932,-0.01042,8.99573,2.95998
71,17,-0.1725,1.34754,0.90685,-0.09688,12.88412,3.02426
71,17,-0.21775,1.16016,0.8061,-0.04431,11.42256,2.74954
71,17,-0.28353,1.30273,0.66087,-0.11408,14.25848,2.695
71,17,-0.20914,1.18565,1.09491,-0.1423,12.69587,2.75737
71,17,-0.1537,1.33914,0.82853,-0.04333,8.33383,3.13738
71,17,-0.21976,1.31397,0.99374,-0.13035,14.70958,3.26953
71,17,-0.00217,1.20987,0.92817,0.08774,14.3445,1.96431
71,17,-0.07448,1.20028,0.8534,0.01738,13.08394,3.54959
71,17,0.03309,1.1841,1.07139,-0.03391,13.5031,2.53958
71,17,-0.25703,1.37207,0.87014,0.1049,8.97823,2.54008
71,17,-0.0976,1.29524,1.19155,-0.14019,15.24467,2.91529
71,17,-0.0963,1.22507,0.90362,-0.02967,11.59889,1.83247
71,17,-0.11899,1.2396,0.92839,-0.04228,10.57371,2.90478
71,17,-0.39306,1.27429,0.90549,0.03105,11.81024,2.67591
71,17,-0.18151,1.09275,0.88065,0.02565,14.32372,2.69412
72,27,-0.20763,1.18025,0.59174,-0.04533,17.21409,2.11363
72,27,-0.09466,1.29429,0.87175,0.01094,12.73572,2.09828
72,27,0.00136,1.26365,0.97048,0.10234,15.48764,2.59371
72,27,-0.12685,1.272,0.94838,0.04363,13.74865,2.74005
72,27,-0.11942,1.15212,0.89867,-0.06658,17.37133,2.69322
72,27,-0.1894,0.99355,0.95204,-0.07486,14.59482,2.10788
72,27,-0.10334,1.1246,0.7006,-0.05657,12.71904,2.38397
72,27,-0.32902,1.19094,0.89678,-0.08667,15.08506,1.7675
72,27,-0.1365,1.25787,0.75941,-0.09471,17.88818,1.70007
72,27,-0.03731,1.15693,0.36906,-0.05464,10.0476,2.17105
72,27,0.04463,1.23474,0.50374,-0.04542,10.47476,1.79593
72,27,-0.01331,0.98992,0.99445,0.12854,13.32515,2.69047
72,27,-0.00487,1.35981,1.00083,0.02086,14.47036,3.12438
72,27,-0.29665,1.10977,0.7568,0.0055,18.81531,2.40289
72,27,-0.11732,1.23059,0.63164,0.07398,11.47878,2.67352
72,27,-0.15249,1.1991,0.87917,-0.05678,9.28981,2.74829
72,27,-0.09167,1.13273,0.94496,-0.02397,16.29572,1.22683
72,27,-0.03673,1.37466,0.70562,0.01158,12.03017,1.62967
72,27,-0.13617,1.28411,0.77656,0.08017,19.20441,3.73559
72,27,-0.11514,1.16418,0.81052,0.05714,15.75463,2.35601
72,27,-0.19502,1.35933,0.80038,-0.0696,11.65986,1.53845
72,27,-0.15619,1.15994,0.87318,-0.03696,9.94662,2.72253
72,27,-0.15435,1.44797,0.87672,-0.05601,8.44694,2.79013
72,27,0.06624,1.24688,0.59519,-0.15602,16.46299,3.22512
72,27,-0.18648,1.26914,1.01167,0.01842,19.23878,2.72487
72,27,-0.03755,1.292,0.76061,-0.13207,13.95289,2.91328
72,27,-0.17067,1.01626,0.72855,0.00138,15.44133,1.79479
73,35,-0.20936,1.29714,0.81457,-0.12971,12.34838,2.53753
73,35,-0.00953,1.31401,0.6661,-0.11159,14.38076,1.93679
73,35,-0.11753,1.29272,0.79932,0.08098,11.22863,2.81657
73,35,-0.183,1.20514,0.88401,-0.01817,11.00585,3.2968
73,35,0.02052,1.09532,0.99095,-0.0722,14.26901,3.91029
73,35,-0.14852,1.14334,0.85642,0.08702,12.88575,3.62409
73,35,-0.02917,1.34397,0.66035,0.03836,10.65114,2.54193
73,35,-0.01252,1.29452,0.75789,0.18041,10.47434,3.18929
73,35,-0.14795,1.18087,1.01219,-0.00107,12.26703,3.37772
73,35,-0.15389,1.14215,0.54537,-0.00571,14.28038,2.47219
73,35,-0.03149,1.34556,0.82532,-0.00343,15.83301,2.06966
73,35,-0.39886,1.26595,0.7915,0.09191,18.26139,2.28141
73,35,-0.19426,1.30723,0.73616,0.04433,8.83774,2.86742
73,35,-0.10069,1.18997,0.87534,-0.12537,8.49593,2.46275
73,35,-0.09756,1.19537,0.88484,0.09996,13.8655,2.52796
73,35,-0.30834,1.19059,0.91243,-0.09384,11.92443,2.46333
73,35,-0.25083,1.27443,0.75843,0.07872,15.38603,1.95347
73,35,-0.28974,1.181,0.76791,0.1208,13.12602,2.36191
73,35,0.01562,1.09559,0.76614,0.08029,13.08469,3.4795
73,35,-0.09377,1.23747,0.76248,0.00828,11.94389,0.88126
73,35,-0.25279,1.08506,0.67773,0.0616,14.31215,1.87095
73,35,-0.18501,1.33699,0.78232,0.05278,15.2794,1.929
73,35,-0.1914,1.10047,0.83207,0.06926,7.10058,2.05513
73,35,-0.06068,1.2186,0.66284,6e-05,7.08228,2.27745
73,35,-0.25729,1.23117,0.6973,0.0259,16.60483,2.36567
73,35,-0.15599,1.22698,0.79027,0.0273,8.6482,2.40209
73,35,-0.2778,1.39275,0.68299,-0.08626,10.3928,2.11314
73,35,-0.01322,1.34419,0.96206,-0.22648,18.44438,2.61575
73,35,-0.23146,1.21688,0.75501,0.12689,14.09908,2.70274
73,35,-0.15972,1.38146,1.09093,-0.01697,15.14764,1.83641
73,35,-0.19021,1.32889,1.05282,-0.19361,7.80136,2.87556
73,35,0.16431,1.30485,0.97752,0.07452,15.87142,1.77104
73,35,-0.21672,1.28781,1.03342,0.13314,15.00732,3.22308
73,35,0.02057,1.18135,0.77544,-0.19932,12.62543,2.66389
73,35,-0.0969,1.328,0.72648,0.00163,12.29814,3.90999
74,32,-0.14396,1.1976,0.9833,0.0306,12.04256,1.42768
74,32,-0.10498,1.06483,0.98745,0.04246,11.13042,2.64855
74,32,-0.20364,1.07776,0.68075,-0.0097,12.80675,1.68559
74,32,0.06287,1.38967,1.01482,0.01422,14.04116,2.18134
74,32,-0.07584,1.2326,0.69971,-0.00222,11.19296,1.28261
74,32,0.09575,1.03928,0.68214,-0.07284,14.90909,1.70905
74,32,-0.30247,1.38125,0.76261,0.0994,12.34526,2.31222
74,32,-0.13626,0.90585,0.65379,-0.12687,16.37497,2.40467
74,32,-0.30936,1.22875,0.85283,0.03873,11.45922,2.63295
74,32,-0.07215,1.02534,0.69357,-0.13598,16.10231,2.80913
74,32,-0.21509,1.12458,0.84149,0.11591,14.19675,2.40559
74,32,-0.1977,1.17231,0.90036,-0.08708,18.13456,2.53937
74,32,-0.2647,1.44795,1.08692,-0.03547,15.85214,2.96043
74,32,-0.13418,1.22418,0.68999,-0.06205,15.35643,2.35158
74,32,0.18592,1.02358,1.06627,0.00901,7.27659,2.35055
74,32,-0.19501,1.22429,0.78591,-0.13368,7.2886,2.8638
74,32,-0.10917,1.18775,0.76657,0.06193,8.10277,2.06559
74,32,-0.05286,1.21266,1.05085,0.08778,13.7158,2.24411
74,32,-0.28559,1.2304,0.90667,0.03022,15.13952,2.37293
74,32,-0.29442,1.15212,1.06029,0.23448,10.99927,2.67043
74,32,-0.10858,1.09592,0.8202,0.00812,16.06102,2.60978
74,32,-0.11694,1.19271,0.8791,0.0321,13.46343,2.64156
74,32,-0.11155,1.26866,0.63211,-0.08221,11.57821,1.79597
74,32,-0.25811,1.2374,0.80259,-0.08842,19.64111,3.60084
74,32,-0.09766,1.37277,0.76828,0.05617,12.00271,1.6683
74,32,-0.02839,1.30407,0.96065,-0.01293,15.39162,2.73717
74,32,-0.38594,1.18371,0.74073,-0.01366,12.39452,3.08543
74,32,-0.12169,1.25057,0.75882,0.11233,16.29687,2.97095
74,32,-0.19136,1.14152,1.03588,-0.02088,8.16423,2.46131
74,32,-0.145,1.3618,0.7887,0.02797,12.52012,2.21927
74,32,-0.07891,1.22132,0.76877,0.13728,16.05992,2.39601
74,32,-0.24856,1.15439,0.93909,-0.04569,11.1627,2.85523
